/*
Navicat MySQL Data Transfer

Source Server         : Proyecto
Source Server Version : 50620
Source Host           : localhost:3306
Source Database       : tesis

Target Server Type    : MYSQL
Target Server Version : 50620
File Encoding         : 65001

Date: 2017-05-22 00:28:54
*/

SET FOREIGN_KEY_CHECKS=0;

-- ----------------------------
-- Table structure for juego
-- ----------------------------
DROP TABLE IF EXISTS `juego`;
CREATE TABLE `juego` (
  `id` int(11) NOT NULL AUTO_INCREMENT,
  `token` varchar(255) NOT NULL,
  `juego` int(11) NOT NULL,
  `id_user` int(11) NOT NULL,
  PRIMARY KEY (`id`)
) ENGINE=InnoDB AUTO_INCREMENT=127 DEFAULT CHARSET=latin1;

-- ----------------------------
-- Records of juego
-- ----------------------------
INSERT INTO `juego` VALUES ('1', '123', '0', '0');
INSERT INTO `juego` VALUES ('2', 'tuD4QKNETml8cQ==', '0', '0');
INSERT INTO `juego` VALUES ('3', 'tuD4QKNETml8cQ==', '0', '0');
INSERT INTO `juego` VALUES ('4', 'tuD4QKNETml8cQ==', '0', '0');
INSERT INTO `juego` VALUES ('5', 'tuD4QKNETml8cQ==', '0', '0');
INSERT INTO `juego` VALUES ('6', 'tuD4QKNETml8cQ==', '0', '0');
INSERT INTO `juego` VALUES ('7', 'tuD4QKNETml8cQ==', '0', '0');
INSERT INTO `juego` VALUES ('8', 'tuD4QKNETml8cQ==', '0', '0');
INSERT INTO `juego` VALUES ('9', 'tuD4QKNETml8cQ==', '0', '0');
INSERT INTO `juego` VALUES ('10', 'tuD4QKNETml8cQ==', '0', '0');
INSERT INTO `juego` VALUES ('11', 'tuD4QKNETml8cQ==', '0', '0');
INSERT INTO `juego` VALUES ('12', 'tuD4QKNETml8cQ==', '0', '0');
INSERT INTO `juego` VALUES ('13', 'tuD4QKNETml8cQ==', '0', '0');
INSERT INTO `juego` VALUES ('14', 'tuD4QKNETml8cQ==', '0', '0');
INSERT INTO `juego` VALUES ('15', 'tuD4QKNETml8cQ==', '0', '0');
INSERT INTO `juego` VALUES ('16', 'tuD4QKNETml8cQ==', '0', '0');
INSERT INTO `juego` VALUES ('17', 'tuD4QKNETml8cQ==', '0', '0');
INSERT INTO `juego` VALUES ('18', 'tuD4QKNETml8cQ==', '0', '0');
INSERT INTO `juego` VALUES ('19', 'tuD4QKNETml8cQ==', '0', '0');
INSERT INTO `juego` VALUES ('20', 'tuD4QKNETml8cQ==', '0', '0');
INSERT INTO `juego` VALUES ('21', 'tuD4QKNETml8cQ==', '0', '0');
INSERT INTO `juego` VALUES ('22', 'tuD4QKNETml8cQ==', '0', '0');
INSERT INTO `juego` VALUES ('23', 'tuD4QKNETml8cQ==', '0', '0');
INSERT INTO `juego` VALUES ('24', 'tuD4QKNETml8cQ==', '0', '0');
INSERT INTO `juego` VALUES ('25', 'tuD4QKNETml8cQ==', '0', '0');
INSERT INTO `juego` VALUES ('26', 'tuD4QKNETml8cQ==', '0', '0');
INSERT INTO `juego` VALUES ('27', 'tuD4QKNETml8cQ==', '0', '0');
INSERT INTO `juego` VALUES ('28', 'tuD4QKNETml8cQ==', '0', '0');
INSERT INTO `juego` VALUES ('29', 'tuD4QKNETml8cQ==', '0', '0');
INSERT INTO `juego` VALUES ('30', 'tuD4QKNETml8cQ==', '0', '0');
INSERT INTO `juego` VALUES ('31', 'tuD4QKNETml8cQ==', '0', '0');
INSERT INTO `juego` VALUES ('32', '', '0', '0');
INSERT INTO `juego` VALUES ('33', '', '0', '0');
INSERT INTO `juego` VALUES ('34', 'pa28Q1HeOt1Ihw==', '0', '0');
INSERT INTO `juego` VALUES ('35', 'pa28Q1HeOt1Ihw==', '0', '0');
INSERT INTO `juego` VALUES ('36', 'pa28Q1HeOt1Ihw==', '0', '0');
INSERT INTO `juego` VALUES ('37', 'pa28Q1HeOt1Ihw==', '0', '0');
INSERT INTO `juego` VALUES ('38', 'pa28Q1HeOt1Ihw==', '0', '0');
INSERT INTO `juego` VALUES ('39', 'pa28Q1HeOt1Ihw==', '0', '0');
INSERT INTO `juego` VALUES ('40', 'pa28Q1HeOt1Ihw==', '0', '0');
INSERT INTO `juego` VALUES ('41', 'pa28Q1HeOt1Ihw==', '0', '0');
INSERT INTO `juego` VALUES ('42', 'pa28Q1HeOt1Ihw==', '0', '0');
INSERT INTO `juego` VALUES ('43', 'pa28Q1HeOt1Ihw==', '0', '0');
INSERT INTO `juego` VALUES ('44', 'pa28Q1HeOt1Ihw==', '0', '0');
INSERT INTO `juego` VALUES ('45', '42BdUyMYYr5h2w==', '0', '0');
INSERT INTO `juego` VALUES ('46', '42BdUyMYYr5h2w==', '0', '0');
INSERT INTO `juego` VALUES ('47', '42BdUyMYYr5h2w==', '0', '0');
INSERT INTO `juego` VALUES ('48', '42BdUyMYYr5h2w==', '0', '0');
INSERT INTO `juego` VALUES ('49', '42BdUyMYYr5h2w==', '0', '0');
INSERT INTO `juego` VALUES ('50', '42BdUyMYYr5h2w==', '0', '0');
INSERT INTO `juego` VALUES ('51', '42BdUyMYYr5h2w==', '0', '0');
INSERT INTO `juego` VALUES ('52', '42BdUyMYYr5h2w==', '0', '0');
INSERT INTO `juego` VALUES ('53', '42BdUyMYYr5h2w==', '3', '0');
INSERT INTO `juego` VALUES ('54', '42BdUyMYYr5h2w==', '0', '0');
INSERT INTO `juego` VALUES ('55', '42BdUyMYYr5h2w==', '0', '0');
INSERT INTO `juego` VALUES ('56', '42BdUyMYYr5h2w==', '3', '0');
INSERT INTO `juego` VALUES ('57', '42BdUyMYYr5h2w==', '3', '0');
INSERT INTO `juego` VALUES ('58', '42BdUyMYYr5h2w==', '3', '0');
INSERT INTO `juego` VALUES ('59', 'JcKacFP4gpim4A==', '1', '0');
INSERT INTO `juego` VALUES ('60', '/fdgN/UHC9f0hQ==', '2', '0');
INSERT INTO `juego` VALUES ('61', '', '2', '0');
INSERT INTO `juego` VALUES ('62', '', '3', '0');
INSERT INTO `juego` VALUES ('63', 'qB9R0fRZ7OUZ2A==', '1', '0');
INSERT INTO `juego` VALUES ('64', 'qB9R0fRZ7OUZ2A==', '2', '0');
INSERT INTO `juego` VALUES ('65', 'exuZKDvhlYDinQ==', '1', '0');
INSERT INTO `juego` VALUES ('66', 'exuZKDvhlYDinQ==', '2', '0');
INSERT INTO `juego` VALUES ('67', 'exuZKDvhlYDinQ==', '2', '0');
INSERT INTO `juego` VALUES ('68', '1y7yg4JJ3QKyaQ==', '2', '0');
INSERT INTO `juego` VALUES ('69', '1y7yg4JJ3QKyaQ==', '3', '0');
INSERT INTO `juego` VALUES ('70', '1y7yg4JJ3QKyaQ==', '3', '0');
INSERT INTO `juego` VALUES ('71', '1y7yg4JJ3QKyaQ==', '3', '0');
INSERT INTO `juego` VALUES ('72', '1y7yg4JJ3QKyaQ==', '3', '0');
INSERT INTO `juego` VALUES ('73', 'H7CYQHEVzq0S3Q==', '1', '0');
INSERT INTO `juego` VALUES ('74', 'H7CYQHEVzq0S3Q==', '2', '0');
INSERT INTO `juego` VALUES ('75', 'H7CYQHEVzq0S3Q==', '3', '0');
INSERT INTO `juego` VALUES ('76', 'WkDyRI3epA9soQ==', '1', '0');
INSERT INTO `juego` VALUES ('77', 'HhoISCr+9R9zUw==', '2', '0');
INSERT INTO `juego` VALUES ('78', '6b01XeZkGApr+Q==', '1', '0');
INSERT INTO `juego` VALUES ('79', 'HhoISCr+9R9zUw==', '2', '0');
INSERT INTO `juego` VALUES ('80', 'HhoISCr+9R9zUw==', '1', '0');
INSERT INTO `juego` VALUES ('81', 'HhoISCr+9R9zUw==', '3', '0');
INSERT INTO `juego` VALUES ('82', '6b01XeZkGApr+Q==', '2', '0');
INSERT INTO `juego` VALUES ('83', 'HhoISCr+9R9zUw==', '2', '0');
INSERT INTO `juego` VALUES ('84', 'HhoISCr+9R9zUw==', '2', '0');
INSERT INTO `juego` VALUES ('85', '6b01XeZkGApr+Q==', '3', '0');
INSERT INTO `juego` VALUES ('86', 'HhoISCr+9R9zUw==', '3', '0');
INSERT INTO `juego` VALUES ('87', 'WkDyRI3epA9soQ==', '2', '0');
INSERT INTO `juego` VALUES ('88', 'OAbOKuhy4sD/gQ==', '1', '0');
INSERT INTO `juego` VALUES ('89', 'OAbOKuhy4sD/gQ==', '2', '0');
INSERT INTO `juego` VALUES ('90', 'OAbOKuhy4sD/gQ==', '3', '0');
INSERT INTO `juego` VALUES ('91', 'OAbOKuhy4sD/gQ==', '3', '0');
INSERT INTO `juego` VALUES ('92', 'OAbOKuhy4sD/gQ==', '2', '0');
INSERT INTO `juego` VALUES ('93', 'OAbOKuhy4sD/gQ==', '1', '0');
INSERT INTO `juego` VALUES ('94', 'tLn7ur4QkwJWew==', '1', '0');
INSERT INTO `juego` VALUES ('95', 'tLn7ur4QkwJWew==', '2', '0');
INSERT INTO `juego` VALUES ('96', 'tLn7ur4QkwJWew==', '3', '0');
INSERT INTO `juego` VALUES ('97', '4oS/YZSGFvzl+g==', '2', '0');
INSERT INTO `juego` VALUES ('98', 'Oi5kBeXYqkZ3pw==', '1', '0');
INSERT INTO `juego` VALUES ('99', 'n17T1kWQjlgp6Q==', '2', '0');
INSERT INTO `juego` VALUES ('100', 'n17T1kWQjlgp6Q==', '3', '0');
INSERT INTO `juego` VALUES ('101', 'n17T1kWQjlgp6Q==', '1', '0');
INSERT INTO `juego` VALUES ('102', '4fjyKsnWVzdWWg==', '1', '0');
INSERT INTO `juego` VALUES ('103', '4fjyKsnWVzdWWg==', '1', '0');
INSERT INTO `juego` VALUES ('104', '4fjyKsnWVzdWWg==', '2', '0');
INSERT INTO `juego` VALUES ('105', '4fjyKsnWVzdWWg==', '2', '0');
INSERT INTO `juego` VALUES ('106', '4fjyKsnWVzdWWg==', '2', '0');
INSERT INTO `juego` VALUES ('107', '4fjyKsnWVzdWWg==', '3', '0');
INSERT INTO `juego` VALUES ('108', 'jZZ+vexsDgnJuA==', '1', '0');
INSERT INTO `juego` VALUES ('109', 'jZZ+vexsDgnJuA==', '2', '0');
INSERT INTO `juego` VALUES ('110', 'jZZ+vexsDgnJuA==', '3', '0');
INSERT INTO `juego` VALUES ('111', 'KZoIPY56eqrR/Q==', '1', '18');
INSERT INTO `juego` VALUES ('112', 'KZoIPY56eqrR/Q==', '2', '18');
INSERT INTO `juego` VALUES ('113', 'KZoIPY56eqrR/Q==', '2', '18');
INSERT INTO `juego` VALUES ('114', 'KZoIPY56eqrR/Q==', '3', '18');
INSERT INTO `juego` VALUES ('115', 'pNd8uSbgAI/MOw==', '2', '2');
INSERT INTO `juego` VALUES ('116', 'K0e6G4YHY95/Ew==', '1', '18');
INSERT INTO `juego` VALUES ('117', 'KZ39bFayGqadtw==', '2', '18');
INSERT INTO `juego` VALUES ('118', 'KZ39bFayGqadtw==', '1', '18');
INSERT INTO `juego` VALUES ('119', 'TGCNja35CDxP3Q==', '1', '2');
INSERT INTO `juego` VALUES ('120', 'TGCNja35CDxP3Q==', '2', '2');
INSERT INTO `juego` VALUES ('121', 'd3ZC1a8HcZILTg==', '1', '18');
INSERT INTO `juego` VALUES ('122', 'g+1iYmyWU5ZA/Q==', '3', '2');
INSERT INTO `juego` VALUES ('123', 'WWr6mFeKAgxlKA==', '1', '18');
INSERT INTO `juego` VALUES ('124', 'EmBlSh5YJ5FmSQ==', '1', '18');
INSERT INTO `juego` VALUES ('125', 'EmBlSh5YJ5FmSQ==', '1', '18');
INSERT INTO `juego` VALUES ('126', 'kj33oNt6wgESvQ==', '1', '18');

-- ----------------------------
-- Table structure for jugadas
-- ----------------------------
DROP TABLE IF EXISTS `jugadas`;
CREATE TABLE `jugadas` (
  `id` int(11) NOT NULL AUTO_INCREMENT,
  `id_juego` int(11) NOT NULL,
  `juego` int(11) NOT NULL,
  `nivel` int(11) NOT NULL,
  `punto` int(1) NOT NULL,
  `token` varchar(255) NOT NULL,
  PRIMARY KEY (`id`),
  KEY `indeice` (`id_juego`) USING BTREE
) ENGINE=InnoDB AUTO_INCREMENT=815 DEFAULT CHARSET=latin1;

-- ----------------------------
-- Records of jugadas
-- ----------------------------
INSERT INTO `jugadas` VALUES ('1', '0', '1', '1', '1', '');
INSERT INTO `jugadas` VALUES ('2', '28', '1', '1', '0', '');
INSERT INTO `jugadas` VALUES ('4', '28', '1', '1', '0', '');
INSERT INTO `jugadas` VALUES ('5', '28', '1', '1', '0', '');
INSERT INTO `jugadas` VALUES ('6', '29', '1', '1', '0', '');
INSERT INTO `jugadas` VALUES ('7', '30', '1', '1', '1', '');
INSERT INTO `jugadas` VALUES ('8', '30', '1', '1', '0', '');
INSERT INTO `jugadas` VALUES ('9', '30', '1', '1', '1', '');
INSERT INTO `jugadas` VALUES ('10', '30', '1', '1', '1', '');
INSERT INTO `jugadas` VALUES ('11', '30', '1', '1', '0', '');
INSERT INTO `jugadas` VALUES ('12', '31', '1', '1', '1', '');
INSERT INTO `jugadas` VALUES ('13', '31', '1', '1', '1', '');
INSERT INTO `jugadas` VALUES ('14', '31', '1', '1', '1', '');
INSERT INTO `jugadas` VALUES ('15', '31', '1', '1', '1', '');
INSERT INTO `jugadas` VALUES ('16', '31', '1', '1', '1', '');
INSERT INTO `jugadas` VALUES ('17', '32', '1', '1', '0', '');
INSERT INTO `jugadas` VALUES ('18', '32', '1', '1', '1', '');
INSERT INTO `jugadas` VALUES ('19', '32', '1', '1', '1', '');
INSERT INTO `jugadas` VALUES ('20', '32', '1', '1', '1', '');
INSERT INTO `jugadas` VALUES ('21', '32', '1', '1', '1', '');
INSERT INTO `jugadas` VALUES ('22', '0', '1', '2', '1', '');
INSERT INTO `jugadas` VALUES ('23', '0', '1', '2', '1', '');
INSERT INTO `jugadas` VALUES ('24', '0', '1', '2', '1', '');
INSERT INTO `jugadas` VALUES ('25', '0', '1', '2', '0', '');
INSERT INTO `jugadas` VALUES ('26', '0', '1', '2', '1', '');
INSERT INTO `jugadas` VALUES ('27', '34', '1', '1', '1', '');
INSERT INTO `jugadas` VALUES ('28', '34', '1', '1', '0', '');
INSERT INTO `jugadas` VALUES ('29', '34', '1', '1', '1', '');
INSERT INTO `jugadas` VALUES ('30', '34', '1', '1', '0', '');
INSERT INTO `jugadas` VALUES ('31', '34', '1', '1', '1', '');
INSERT INTO `jugadas` VALUES ('32', '0', '1', '2', '1', '');
INSERT INTO `jugadas` VALUES ('33', '0', '1', '2', '0', '');
INSERT INTO `jugadas` VALUES ('34', '0', '1', '2', '1', '');
INSERT INTO `jugadas` VALUES ('35', '0', '1', '2', '0', '');
INSERT INTO `jugadas` VALUES ('36', '0', '1', '2', '1', '');
INSERT INTO `jugadas` VALUES ('37', '0', '1', '3', '0', '');
INSERT INTO `jugadas` VALUES ('38', '0', '1', '3', '0', '');
INSERT INTO `jugadas` VALUES ('39', '0', '1', '3', '0', '');
INSERT INTO `jugadas` VALUES ('40', '0', '1', '3', '0', '');
INSERT INTO `jugadas` VALUES ('41', '0', '1', '3', '0', '');
INSERT INTO `jugadas` VALUES ('42', '0', '1', '3', '0', '');
INSERT INTO `jugadas` VALUES ('43', '0', '1', '3', '0', '');
INSERT INTO `jugadas` VALUES ('44', '0', '1', '3', '1', '');
INSERT INTO `jugadas` VALUES ('45', '0', '1', '3', '1', '');
INSERT INTO `jugadas` VALUES ('46', '0', '1', '3', '0', '');
INSERT INTO `jugadas` VALUES ('47', '0', '1', '3', '1', '');
INSERT INTO `jugadas` VALUES ('48', '0', '1', '3', '1', '');
INSERT INTO `jugadas` VALUES ('49', '0', '1', '3', '1', '');
INSERT INTO `jugadas` VALUES ('50', '0', '1', '3', '1', '');
INSERT INTO `jugadas` VALUES ('51', '0', '1', '3', '1', '');
INSERT INTO `jugadas` VALUES ('52', '0', '1', '3', '0', '');
INSERT INTO `jugadas` VALUES ('53', '0', '1', '3', '0', '');
INSERT INTO `jugadas` VALUES ('54', '0', '1', '3', '1', '');
INSERT INTO `jugadas` VALUES ('55', '0', '1', '3', '0', '');
INSERT INTO `jugadas` VALUES ('56', '0', '1', '3', '1', '');
INSERT INTO `jugadas` VALUES ('57', '0', '1', '3', '1', '');
INSERT INTO `jugadas` VALUES ('58', '0', '1', '3', '1', '');
INSERT INTO `jugadas` VALUES ('59', '0', '1', '3', '0', '');
INSERT INTO `jugadas` VALUES ('60', '0', '1', '3', '0', '');
INSERT INTO `jugadas` VALUES ('61', '0', '1', '3', '1', '');
INSERT INTO `jugadas` VALUES ('62', '0', '1', '3', '1', '');
INSERT INTO `jugadas` VALUES ('63', '0', '1', '3', '0', '');
INSERT INTO `jugadas` VALUES ('64', '35', '1', '1', '1', '');
INSERT INTO `jugadas` VALUES ('65', '35', '1', '1', '0', '');
INSERT INTO `jugadas` VALUES ('66', '35', '1', '1', '0', '');
INSERT INTO `jugadas` VALUES ('67', '35', '1', '1', '1', '');
INSERT INTO `jugadas` VALUES ('68', '35', '1', '1', '1', '');
INSERT INTO `jugadas` VALUES ('69', '0', '1', '2', '1', '');
INSERT INTO `jugadas` VALUES ('70', '0', '1', '2', '0', '');
INSERT INTO `jugadas` VALUES ('71', '0', '1', '2', '1', '');
INSERT INTO `jugadas` VALUES ('72', '0', '1', '2', '1', '');
INSERT INTO `jugadas` VALUES ('73', '0', '1', '2', '1', '');
INSERT INTO `jugadas` VALUES ('74', '0', '1', '3', '0', '');
INSERT INTO `jugadas` VALUES ('75', '0', '1', '3', '0', '');
INSERT INTO `jugadas` VALUES ('76', '0', '1', '3', '1', '');
INSERT INTO `jugadas` VALUES ('77', '0', '1', '3', '1', '');
INSERT INTO `jugadas` VALUES ('78', '0', '1', '3', '1', '');
INSERT INTO `jugadas` VALUES ('79', '0', '1', '3', '0', '');
INSERT INTO `jugadas` VALUES ('80', '0', '1', '3', '1', '');
INSERT INTO `jugadas` VALUES ('81', '0', '1', '3', '0', '');
INSERT INTO `jugadas` VALUES ('82', '0', '1', '3', '1', '');
INSERT INTO `jugadas` VALUES ('83', '0', '1', '3', '1', '');
INSERT INTO `jugadas` VALUES ('84', '0', '1', '3', '1', '');
INSERT INTO `jugadas` VALUES ('85', '0', '1', '3', '1', '');
INSERT INTO `jugadas` VALUES ('86', '0', '1', '3', '0', '');
INSERT INTO `jugadas` VALUES ('87', '0', '1', '3', '1', '');
INSERT INTO `jugadas` VALUES ('88', '0', '1', '3', '0', '');
INSERT INTO `jugadas` VALUES ('89', '0', '1', '3', '0', '');
INSERT INTO `jugadas` VALUES ('90', '0', '1', '3', '1', '');
INSERT INTO `jugadas` VALUES ('91', '0', '1', '3', '0', '');
INSERT INTO `jugadas` VALUES ('92', '0', '1', '3', '1', '');
INSERT INTO `jugadas` VALUES ('93', '0', '1', '3', '0', '');
INSERT INTO `jugadas` VALUES ('94', '0', '1', '3', '0', '');
INSERT INTO `jugadas` VALUES ('95', '0', '1', '3', '1', '');
INSERT INTO `jugadas` VALUES ('96', '0', '1', '3', '0', '');
INSERT INTO `jugadas` VALUES ('97', '0', '1', '3', '1', '');
INSERT INTO `jugadas` VALUES ('98', '0', '1', '3', '0', '');
INSERT INTO `jugadas` VALUES ('99', '0', '1', '3', '1', '');
INSERT INTO `jugadas` VALUES ('100', '0', '1', '3', '0', '');
INSERT INTO `jugadas` VALUES ('101', '0', '1', '3', '0', '');
INSERT INTO `jugadas` VALUES ('102', '0', '1', '3', '1', '');
INSERT INTO `jugadas` VALUES ('103', '0', '1', '3', '0', '');
INSERT INTO `jugadas` VALUES ('104', '0', '1', '3', '0', '');
INSERT INTO `jugadas` VALUES ('105', '0', '1', '3', '0', '');
INSERT INTO `jugadas` VALUES ('106', '0', '1', '3', '0', '');
INSERT INTO `jugadas` VALUES ('107', '0', '1', '3', '0', '');
INSERT INTO `jugadas` VALUES ('108', '0', '1', '3', '1', '');
INSERT INTO `jugadas` VALUES ('109', '0', '1', '3', '1', '');
INSERT INTO `jugadas` VALUES ('110', '0', '1', '3', '1', '');
INSERT INTO `jugadas` VALUES ('111', '0', '1', '3', '1', '');
INSERT INTO `jugadas` VALUES ('112', '0', '1', '3', '0', '');
INSERT INTO `jugadas` VALUES ('113', '0', '1', '3', '0', '');
INSERT INTO `jugadas` VALUES ('114', '0', '1', '3', '0', '');
INSERT INTO `jugadas` VALUES ('115', '0', '1', '3', '0', '');
INSERT INTO `jugadas` VALUES ('116', '0', '1', '3', '0', '');
INSERT INTO `jugadas` VALUES ('117', '0', '1', '3', '1', '');
INSERT INTO `jugadas` VALUES ('118', '0', '1', '3', '1', '');
INSERT INTO `jugadas` VALUES ('119', '0', '1', '3', '0', '');
INSERT INTO `jugadas` VALUES ('120', '0', '1', '3', '0', '');
INSERT INTO `jugadas` VALUES ('121', '0', '1', '3', '0', '');
INSERT INTO `jugadas` VALUES ('122', '0', '1', '3', '0', '');
INSERT INTO `jugadas` VALUES ('123', '0', '1', '3', '1', '');
INSERT INTO `jugadas` VALUES ('124', '0', '1', '3', '0', '');
INSERT INTO `jugadas` VALUES ('125', '0', '1', '3', '1', '');
INSERT INTO `jugadas` VALUES ('126', '0', '1', '3', '1', '');
INSERT INTO `jugadas` VALUES ('127', '0', '1', '3', '1', '');
INSERT INTO `jugadas` VALUES ('128', '0', '1', '3', '0', '');
INSERT INTO `jugadas` VALUES ('129', '0', '1', '3', '1', '');
INSERT INTO `jugadas` VALUES ('130', '0', '1', '3', '0', '');
INSERT INTO `jugadas` VALUES ('131', '0', '1', '3', '0', '');
INSERT INTO `jugadas` VALUES ('132', '0', '1', '3', '1', '');
INSERT INTO `jugadas` VALUES ('133', '0', '1', '3', '1', '');
INSERT INTO `jugadas` VALUES ('134', '0', '1', '3', '0', '');
INSERT INTO `jugadas` VALUES ('135', '0', '1', '3', '0', '');
INSERT INTO `jugadas` VALUES ('136', '0', '1', '3', '0', '');
INSERT INTO `jugadas` VALUES ('137', '0', '1', '3', '0', '');
INSERT INTO `jugadas` VALUES ('138', '0', '1', '3', '0', '');
INSERT INTO `jugadas` VALUES ('139', '0', '1', '3', '0', '');
INSERT INTO `jugadas` VALUES ('140', '0', '1', '3', '1', '');
INSERT INTO `jugadas` VALUES ('141', '0', '1', '3', '0', '');
INSERT INTO `jugadas` VALUES ('142', '0', '1', '3', '1', '');
INSERT INTO `jugadas` VALUES ('143', '0', '1', '3', '1', '');
INSERT INTO `jugadas` VALUES ('144', '43', '1', '1', '1', '');
INSERT INTO `jugadas` VALUES ('145', '43', '1', '1', '1', '');
INSERT INTO `jugadas` VALUES ('146', '43', '1', '1', '0', '');
INSERT INTO `jugadas` VALUES ('147', '43', '1', '1', '1', '');
INSERT INTO `jugadas` VALUES ('148', '43', '1', '1', '0', '');
INSERT INTO `jugadas` VALUES ('149', '43', '1', '2', '1', '');
INSERT INTO `jugadas` VALUES ('150', '0', '1', '2', '1', '');
INSERT INTO `jugadas` VALUES ('151', '44', '1', '1', '1', '');
INSERT INTO `jugadas` VALUES ('152', '44', '1', '1', '0', '');
INSERT INTO `jugadas` VALUES ('153', '44', '1', '1', '0', '');
INSERT INTO `jugadas` VALUES ('154', '44', '1', '1', '0', '');
INSERT INTO `jugadas` VALUES ('155', '44', '1', '1', '0', '');
INSERT INTO `jugadas` VALUES ('156', '44', '1', '2', '1', '');
INSERT INTO `jugadas` VALUES ('157', '44', '1', '2', '1', '');
INSERT INTO `jugadas` VALUES ('158', '44', '1', '2', '1', '');
INSERT INTO `jugadas` VALUES ('159', '44', '1', '2', '1', '');
INSERT INTO `jugadas` VALUES ('160', '44', '1', '2', '0', '');
INSERT INTO `jugadas` VALUES ('161', '44', '1', '2', '1', '');
INSERT INTO `jugadas` VALUES ('162', '44', '1', '3', '1', '');
INSERT INTO `jugadas` VALUES ('163', '44', '1', '3', '0', '');
INSERT INTO `jugadas` VALUES ('164', '44', '1', '3', '1', '');
INSERT INTO `jugadas` VALUES ('165', '44', '1', '3', '0', '');
INSERT INTO `jugadas` VALUES ('166', '44', '1', '3', '1', '');
INSERT INTO `jugadas` VALUES ('167', '44', '1', '3', '1', '');
INSERT INTO `jugadas` VALUES ('168', '44', '1', '3', '1', '');
INSERT INTO `jugadas` VALUES ('169', '44', '1', '3', '1', '');
INSERT INTO `jugadas` VALUES ('170', '44', '1', '3', '0', '');
INSERT INTO `jugadas` VALUES ('171', '44', '1', '3', '0', '');
INSERT INTO `jugadas` VALUES ('172', '44', '1', '3', '1', 'pa28Q1HeOt1Ihw==');
INSERT INTO `jugadas` VALUES ('173', '44', '1', '3', '0', 'pa28Q1HeOt1Ihw==');
INSERT INTO `jugadas` VALUES ('174', '44', '1', '3', '0', 'pa28Q1HeOt1Ihw==');
INSERT INTO `jugadas` VALUES ('175', '44', '1', '3', '0', 'pa28Q1HeOt1Ihw==');
INSERT INTO `jugadas` VALUES ('176', '44', '1', '3', '1', 'pa28Q1HeOt1Ihw==');
INSERT INTO `jugadas` VALUES ('177', '44', '1', '3', '1', 'pa28Q1HeOt1Ihw==');
INSERT INTO `jugadas` VALUES ('178', '44', '1', '3', '1', 'pa28Q1HeOt1Ihw==');
INSERT INTO `jugadas` VALUES ('179', '44', '1', '3', '1', 'pa28Q1HeOt1Ihw==');
INSERT INTO `jugadas` VALUES ('180', '44', '1', '3', '1', 'pa28Q1HeOt1Ihw==');
INSERT INTO `jugadas` VALUES ('181', '44', '1', '3', '1', 'pa28Q1HeOt1Ihw==');
INSERT INTO `jugadas` VALUES ('182', '63', '63', '1', '1', 'qB9R0fRZ7OUZ2A==');
INSERT INTO `jugadas` VALUES ('183', '63', '63', '1', '1', 'qB9R0fRZ7OUZ2A==');
INSERT INTO `jugadas` VALUES ('184', '63', '63', '1', '1', 'qB9R0fRZ7OUZ2A==');
INSERT INTO `jugadas` VALUES ('185', '63', '63', '1', '1', 'qB9R0fRZ7OUZ2A==');
INSERT INTO `jugadas` VALUES ('186', '63', '63', '1', '1', 'qB9R0fRZ7OUZ2A==');
INSERT INTO `jugadas` VALUES ('187', '63', '63', '1', '1', 'qB9R0fRZ7OUZ2A==');
INSERT INTO `jugadas` VALUES ('188', '63', '63', '1', '1', 'qB9R0fRZ7OUZ2A==');
INSERT INTO `jugadas` VALUES ('189', '63', '63', '1', '0', 'qB9R0fRZ7OUZ2A==');
INSERT INTO `jugadas` VALUES ('190', '63', '63', '1', '1', 'qB9R0fRZ7OUZ2A==');
INSERT INTO `jugadas` VALUES ('191', '63', '63', '1', '1', 'qB9R0fRZ7OUZ2A==');
INSERT INTO `jugadas` VALUES ('192', '63', '63', '1', '1', 'qB9R0fRZ7OUZ2A==');
INSERT INTO `jugadas` VALUES ('193', '63', '63', '1', '1', 'qB9R0fRZ7OUZ2A==');
INSERT INTO `jugadas` VALUES ('194', '63', '63', '1', '1', 'qB9R0fRZ7OUZ2A==');
INSERT INTO `jugadas` VALUES ('195', '63', '63', '1', '0', 'qB9R0fRZ7OUZ2A==');
INSERT INTO `jugadas` VALUES ('196', '63', '63', '1', '1', 'qB9R0fRZ7OUZ2A==');
INSERT INTO `jugadas` VALUES ('197', '63', '63', '1', '1', 'qB9R0fRZ7OUZ2A==');
INSERT INTO `jugadas` VALUES ('198', '63', '63', '1', '1', 'qB9R0fRZ7OUZ2A==');
INSERT INTO `jugadas` VALUES ('199', '63', '63', '1', '0', 'qB9R0fRZ7OUZ2A==');
INSERT INTO `jugadas` VALUES ('200', '63', '63', '1', '1', 'qB9R0fRZ7OUZ2A==');
INSERT INTO `jugadas` VALUES ('201', '63', '63', '1', '1', 'qB9R0fRZ7OUZ2A==');
INSERT INTO `jugadas` VALUES ('202', '64', '64', '1', '0', 'qB9R0fRZ7OUZ2A==');
INSERT INTO `jugadas` VALUES ('203', '64', '64', '1', '0', 'qB9R0fRZ7OUZ2A==');
INSERT INTO `jugadas` VALUES ('204', '64', '64', '1', '0', 'qB9R0fRZ7OUZ2A==');
INSERT INTO `jugadas` VALUES ('205', '64', '64', '1', '0', 'qB9R0fRZ7OUZ2A==');
INSERT INTO `jugadas` VALUES ('206', '64', '64', '1', '0', 'qB9R0fRZ7OUZ2A==');
INSERT INTO `jugadas` VALUES ('207', '64', '64', '1', '0', 'qB9R0fRZ7OUZ2A==');
INSERT INTO `jugadas` VALUES ('208', '64', '64', '1', '0', 'qB9R0fRZ7OUZ2A==');
INSERT INTO `jugadas` VALUES ('209', '64', '64', '1', '0', 'qB9R0fRZ7OUZ2A==');
INSERT INTO `jugadas` VALUES ('210', '64', '64', '1', '0', 'qB9R0fRZ7OUZ2A==');
INSERT INTO `jugadas` VALUES ('211', '64', '64', '1', '0', 'qB9R0fRZ7OUZ2A==');
INSERT INTO `jugadas` VALUES ('212', '64', '64', '1', '0', 'exuZKDvhlYDinQ==');
INSERT INTO `jugadas` VALUES ('213', '64', '64', '1', '0', 'exuZKDvhlYDinQ==');
INSERT INTO `jugadas` VALUES ('214', '64', '64', '1', '0', 'exuZKDvhlYDinQ==');
INSERT INTO `jugadas` VALUES ('215', '64', '64', '1', '0', 'exuZKDvhlYDinQ==');
INSERT INTO `jugadas` VALUES ('216', '64', '64', '1', '0', 'exuZKDvhlYDinQ==');
INSERT INTO `jugadas` VALUES ('217', '65', '65', '1', '1', 'exuZKDvhlYDinQ==');
INSERT INTO `jugadas` VALUES ('218', '66', '66', '1', '0', 'exuZKDvhlYDinQ==');
INSERT INTO `jugadas` VALUES ('219', '66', '66', '1', '0', 'exuZKDvhlYDinQ==');
INSERT INTO `jugadas` VALUES ('220', '66', '66', '1', '0', 'exuZKDvhlYDinQ==');
INSERT INTO `jugadas` VALUES ('221', '66', '66', '1', '0', 'exuZKDvhlYDinQ==');
INSERT INTO `jugadas` VALUES ('222', '66', '66', '1', '0', 'exuZKDvhlYDinQ==');
INSERT INTO `jugadas` VALUES ('223', '67', '67', '1', '0', 'exuZKDvhlYDinQ==');
INSERT INTO `jugadas` VALUES ('224', '67', '67', '1', '0', 'exuZKDvhlYDinQ==');
INSERT INTO `jugadas` VALUES ('225', '67', '67', '1', '0', 'exuZKDvhlYDinQ==');
INSERT INTO `jugadas` VALUES ('226', '67', '67', '1', '0', 'exuZKDvhlYDinQ==');
INSERT INTO `jugadas` VALUES ('227', '67', '67', '1', '0', 'exuZKDvhlYDinQ==');
INSERT INTO `jugadas` VALUES ('228', '68', '68', '1', '0', '1y7yg4JJ3QKyaQ==');
INSERT INTO `jugadas` VALUES ('229', '68', '68', '1', '0', '1y7yg4JJ3QKyaQ==');
INSERT INTO `jugadas` VALUES ('230', '68', '68', '1', '0', '1y7yg4JJ3QKyaQ==');
INSERT INTO `jugadas` VALUES ('231', '68', '68', '1', '0', '1y7yg4JJ3QKyaQ==');
INSERT INTO `jugadas` VALUES ('232', '68', '68', '1', '0', '1y7yg4JJ3QKyaQ==');
INSERT INTO `jugadas` VALUES ('233', '68', '68', '2', '0', '1y7yg4JJ3QKyaQ==');
INSERT INTO `jugadas` VALUES ('234', '68', '68', '2', '0', '1y7yg4JJ3QKyaQ==');
INSERT INTO `jugadas` VALUES ('235', '68', '68', '2', '0', '1y7yg4JJ3QKyaQ==');
INSERT INTO `jugadas` VALUES ('236', '68', '68', '2', '0', '1y7yg4JJ3QKyaQ==');
INSERT INTO `jugadas` VALUES ('237', '68', '68', '2', '0', '1y7yg4JJ3QKyaQ==');
INSERT INTO `jugadas` VALUES ('238', '68', '68', '2', '0', '1y7yg4JJ3QKyaQ==');
INSERT INTO `jugadas` VALUES ('239', '68', '68', '2', '0', '1y7yg4JJ3QKyaQ==');
INSERT INTO `jugadas` VALUES ('240', '68', '68', '2', '0', '1y7yg4JJ3QKyaQ==');
INSERT INTO `jugadas` VALUES ('241', '68', '68', '2', '0', '1y7yg4JJ3QKyaQ==');
INSERT INTO `jugadas` VALUES ('242', '68', '68', '2', '0', '1y7yg4JJ3QKyaQ==');
INSERT INTO `jugadas` VALUES ('243', '68', '68', '3', '0', '1y7yg4JJ3QKyaQ==');
INSERT INTO `jugadas` VALUES ('244', '68', '68', '3', '0', '1y7yg4JJ3QKyaQ==');
INSERT INTO `jugadas` VALUES ('245', '68', '68', '3', '0', '1y7yg4JJ3QKyaQ==');
INSERT INTO `jugadas` VALUES ('246', '68', '68', '3', '0', '1y7yg4JJ3QKyaQ==');
INSERT INTO `jugadas` VALUES ('247', '68', '68', '3', '0', '1y7yg4JJ3QKyaQ==');
INSERT INTO `jugadas` VALUES ('248', '70', '70', '1', '1', '1y7yg4JJ3QKyaQ==');
INSERT INTO `jugadas` VALUES ('249', '71', '71', '1', '1', '1y7yg4JJ3QKyaQ==');
INSERT INTO `jugadas` VALUES ('250', '71', '71', '1', '0', '1y7yg4JJ3QKyaQ==');
INSERT INTO `jugadas` VALUES ('251', '71', '71', '1', '0', '1y7yg4JJ3QKyaQ==');
INSERT INTO `jugadas` VALUES ('252', '71', '71', '1', '1', '1y7yg4JJ3QKyaQ==');
INSERT INTO `jugadas` VALUES ('253', '71', '71', '1', '1', '1y7yg4JJ3QKyaQ==');
INSERT INTO `jugadas` VALUES ('254', '71', '71', '1', '1', '1y7yg4JJ3QKyaQ==');
INSERT INTO `jugadas` VALUES ('255', '71', '3', '1', '0', '1y7yg4JJ3QKyaQ==');
INSERT INTO `jugadas` VALUES ('256', '71', '3', '1', '1', '1y7yg4JJ3QKyaQ==');
INSERT INTO `jugadas` VALUES ('257', '71', '3', '1', '1', '1y7yg4JJ3QKyaQ==');
INSERT INTO `jugadas` VALUES ('258', '71', '3', '1', '1', '1y7yg4JJ3QKyaQ==');
INSERT INTO `jugadas` VALUES ('259', '71', '3', '1', '0', '1y7yg4JJ3QKyaQ==');
INSERT INTO `jugadas` VALUES ('260', '71', '3', '1', '1', '1y7yg4JJ3QKyaQ==');
INSERT INTO `jugadas` VALUES ('261', '71', '3', '1', '0', '1y7yg4JJ3QKyaQ==');
INSERT INTO `jugadas` VALUES ('262', '71', '3', '1', '0', '1y7yg4JJ3QKyaQ==');
INSERT INTO `jugadas` VALUES ('263', '71', '3', '1', '1', '1y7yg4JJ3QKyaQ==');
INSERT INTO `jugadas` VALUES ('264', '71', '3', '2', '1', '1y7yg4JJ3QKyaQ==');
INSERT INTO `jugadas` VALUES ('265', '71', '3', '2', '1', '1y7yg4JJ3QKyaQ==');
INSERT INTO `jugadas` VALUES ('266', '71', '3', '2', '1', '1y7yg4JJ3QKyaQ==');
INSERT INTO `jugadas` VALUES ('267', '71', '3', '2', '0', '1y7yg4JJ3QKyaQ==');
INSERT INTO `jugadas` VALUES ('268', '71', '3', '2', '0', '1y7yg4JJ3QKyaQ==');
INSERT INTO `jugadas` VALUES ('269', '71', '3', '1', '0', '1y7yg4JJ3QKyaQ==');
INSERT INTO `jugadas` VALUES ('270', '71', '3', '1', '0', '1y7yg4JJ3QKyaQ==');
INSERT INTO `jugadas` VALUES ('271', '71', '3', '1', '1', '1y7yg4JJ3QKyaQ==');
INSERT INTO `jugadas` VALUES ('272', '71', '3', '1', '1', '1y7yg4JJ3QKyaQ==');
INSERT INTO `jugadas` VALUES ('273', '71', '3', '1', '0', '1y7yg4JJ3QKyaQ==');
INSERT INTO `jugadas` VALUES ('274', '71', '3', '1', '1', '1y7yg4JJ3QKyaQ==');
INSERT INTO `jugadas` VALUES ('275', '71', '3', '1', '0', '1y7yg4JJ3QKyaQ==');
INSERT INTO `jugadas` VALUES ('276', '71', '3', '1', '0', '1y7yg4JJ3QKyaQ==');
INSERT INTO `jugadas` VALUES ('277', '71', '3', '1', '0', '1y7yg4JJ3QKyaQ==');
INSERT INTO `jugadas` VALUES ('278', '71', '3', '1', '0', '1y7yg4JJ3QKyaQ==');
INSERT INTO `jugadas` VALUES ('279', '71', '3', '1', '0', '1y7yg4JJ3QKyaQ==');
INSERT INTO `jugadas` VALUES ('280', '71', '3', '1', '1', '1y7yg4JJ3QKyaQ==');
INSERT INTO `jugadas` VALUES ('281', '71', '3', '1', '1', '1y7yg4JJ3QKyaQ==');
INSERT INTO `jugadas` VALUES ('282', '71', '3', '1', '1', '1y7yg4JJ3QKyaQ==');
INSERT INTO `jugadas` VALUES ('283', '71', '3', '1', '1', '1y7yg4JJ3QKyaQ==');
INSERT INTO `jugadas` VALUES ('284', '71', '3', '1', '1', '1y7yg4JJ3QKyaQ==');
INSERT INTO `jugadas` VALUES ('285', '71', '3', '1', '0', '1y7yg4JJ3QKyaQ==');
INSERT INTO `jugadas` VALUES ('286', '71', '3', '1', '0', '1y7yg4JJ3QKyaQ==');
INSERT INTO `jugadas` VALUES ('287', '71', '3', '1', '0', '1y7yg4JJ3QKyaQ==');
INSERT INTO `jugadas` VALUES ('288', '71', '3', '1', '1', '1y7yg4JJ3QKyaQ==');
INSERT INTO `jugadas` VALUES ('289', '71', '3', '1', '0', '1y7yg4JJ3QKyaQ==');
INSERT INTO `jugadas` VALUES ('290', '71', '3', '1', '1', '1y7yg4JJ3QKyaQ==');
INSERT INTO `jugadas` VALUES ('291', '71', '3', '1', '0', '1y7yg4JJ3QKyaQ==');
INSERT INTO `jugadas` VALUES ('292', '71', '3', '1', '1', '1y7yg4JJ3QKyaQ==');
INSERT INTO `jugadas` VALUES ('293', '71', '3', '1', '1', '1y7yg4JJ3QKyaQ==');
INSERT INTO `jugadas` VALUES ('294', '72', '3', '1', '1', '1y7yg4JJ3QKyaQ==');
INSERT INTO `jugadas` VALUES ('295', '72', '3', '1', '1', '1y7yg4JJ3QKyaQ==');
INSERT INTO `jugadas` VALUES ('296', '72', '3', '1', '0', '1y7yg4JJ3QKyaQ==');
INSERT INTO `jugadas` VALUES ('297', '72', '3', '1', '1', '1y7yg4JJ3QKyaQ==');
INSERT INTO `jugadas` VALUES ('298', '72', '3', '1', '0', '1y7yg4JJ3QKyaQ==');
INSERT INTO `jugadas` VALUES ('299', '72', '3', '1', '0', '1y7yg4JJ3QKyaQ==');
INSERT INTO `jugadas` VALUES ('300', '72', '3', '2', '1', '1y7yg4JJ3QKyaQ==');
INSERT INTO `jugadas` VALUES ('301', '72', '3', '2', '1', '1y7yg4JJ3QKyaQ==');
INSERT INTO `jugadas` VALUES ('302', '72', '3', '2', '0', '1y7yg4JJ3QKyaQ==');
INSERT INTO `jugadas` VALUES ('303', '72', '3', '2', '1', '1y7yg4JJ3QKyaQ==');
INSERT INTO `jugadas` VALUES ('304', '72', '3', '2', '1', '1y7yg4JJ3QKyaQ==');
INSERT INTO `jugadas` VALUES ('305', '72', '3', '2', '1', '1y7yg4JJ3QKyaQ==');
INSERT INTO `jugadas` VALUES ('306', '72', '3', '2', '1', '1y7yg4JJ3QKyaQ==');
INSERT INTO `jugadas` VALUES ('307', '72', '3', '3', '1', '1y7yg4JJ3QKyaQ==');
INSERT INTO `jugadas` VALUES ('308', '72', '3', '3', '1', '1y7yg4JJ3QKyaQ==');
INSERT INTO `jugadas` VALUES ('309', '72', '3', '3', '1', '1y7yg4JJ3QKyaQ==');
INSERT INTO `jugadas` VALUES ('310', '72', '3', '3', '1', '1y7yg4JJ3QKyaQ==');
INSERT INTO `jugadas` VALUES ('311', '72', '3', '3', '1', '1y7yg4JJ3QKyaQ==');
INSERT INTO `jugadas` VALUES ('312', '73', '1', '1', '0', 'H7CYQHEVzq0S3Q==');
INSERT INTO `jugadas` VALUES ('313', '73', '1', '1', '0', 'H7CYQHEVzq0S3Q==');
INSERT INTO `jugadas` VALUES ('314', '73', '1', '1', '1', 'H7CYQHEVzq0S3Q==');
INSERT INTO `jugadas` VALUES ('315', '73', '1', '1', '1', 'H7CYQHEVzq0S3Q==');
INSERT INTO `jugadas` VALUES ('316', '73', '1', '1', '0', 'H7CYQHEVzq0S3Q==');
INSERT INTO `jugadas` VALUES ('317', '73', '1', '1', '1', 'H7CYQHEVzq0S3Q==');
INSERT INTO `jugadas` VALUES ('318', '73', '1', '1', '1', 'H7CYQHEVzq0S3Q==');
INSERT INTO `jugadas` VALUES ('319', '73', '1', '1', '1', 'H7CYQHEVzq0S3Q==');
INSERT INTO `jugadas` VALUES ('320', '73', '1', '1', '1', 'H7CYQHEVzq0S3Q==');
INSERT INTO `jugadas` VALUES ('321', '73', '1', '1', '1', 'H7CYQHEVzq0S3Q==');
INSERT INTO `jugadas` VALUES ('322', '74', '2', '1', '0', 'H7CYQHEVzq0S3Q==');
INSERT INTO `jugadas` VALUES ('323', '74', '2', '1', '0', 'H7CYQHEVzq0S3Q==');
INSERT INTO `jugadas` VALUES ('324', '74', '2', '1', '0', 'H7CYQHEVzq0S3Q==');
INSERT INTO `jugadas` VALUES ('325', '74', '2', '1', '0', 'H7CYQHEVzq0S3Q==');
INSERT INTO `jugadas` VALUES ('326', '74', '2', '1', '0', 'H7CYQHEVzq0S3Q==');
INSERT INTO `jugadas` VALUES ('327', '74', '2', '1', '0', 'H7CYQHEVzq0S3Q==');
INSERT INTO `jugadas` VALUES ('328', '74', '2', '1', '0', 'H7CYQHEVzq0S3Q==');
INSERT INTO `jugadas` VALUES ('329', '74', '2', '1', '0', 'H7CYQHEVzq0S3Q==');
INSERT INTO `jugadas` VALUES ('330', '74', '2', '1', '0', 'H7CYQHEVzq0S3Q==');
INSERT INTO `jugadas` VALUES ('331', '74', '2', '1', '0', 'H7CYQHEVzq0S3Q==');
INSERT INTO `jugadas` VALUES ('332', '74', '2', '2', '0', 'H7CYQHEVzq0S3Q==');
INSERT INTO `jugadas` VALUES ('333', '74', '2', '2', '0', 'H7CYQHEVzq0S3Q==');
INSERT INTO `jugadas` VALUES ('334', '74', '2', '2', '0', 'H7CYQHEVzq0S3Q==');
INSERT INTO `jugadas` VALUES ('335', '74', '2', '2', '0', 'H7CYQHEVzq0S3Q==');
INSERT INTO `jugadas` VALUES ('336', '74', '2', '2', '0', 'H7CYQHEVzq0S3Q==');
INSERT INTO `jugadas` VALUES ('337', '74', '2', '3', '0', 'H7CYQHEVzq0S3Q==');
INSERT INTO `jugadas` VALUES ('338', '74', '2', '3', '0', 'H7CYQHEVzq0S3Q==');
INSERT INTO `jugadas` VALUES ('339', '74', '2', '3', '0', 'H7CYQHEVzq0S3Q==');
INSERT INTO `jugadas` VALUES ('340', '74', '2', '3', '0', 'H7CYQHEVzq0S3Q==');
INSERT INTO `jugadas` VALUES ('341', '74', '2', '3', '0', 'H7CYQHEVzq0S3Q==');
INSERT INTO `jugadas` VALUES ('342', '75', '3', '1', '0', 'H7CYQHEVzq0S3Q==');
INSERT INTO `jugadas` VALUES ('343', '75', '3', '1', '1', 'H7CYQHEVzq0S3Q==');
INSERT INTO `jugadas` VALUES ('344', '75', '3', '1', '1', 'H7CYQHEVzq0S3Q==');
INSERT INTO `jugadas` VALUES ('345', '75', '3', '1', '1', 'H7CYQHEVzq0S3Q==');
INSERT INTO `jugadas` VALUES ('346', '75', '3', '1', '1', 'H7CYQHEVzq0S3Q==');
INSERT INTO `jugadas` VALUES ('347', '75', '3', '2', '1', 'H7CYQHEVzq0S3Q==');
INSERT INTO `jugadas` VALUES ('348', '75', '3', '2', '1', 'H7CYQHEVzq0S3Q==');
INSERT INTO `jugadas` VALUES ('349', '75', '3', '2', '1', 'H7CYQHEVzq0S3Q==');
INSERT INTO `jugadas` VALUES ('350', '75', '3', '2', '1', 'H7CYQHEVzq0S3Q==');
INSERT INTO `jugadas` VALUES ('351', '75', '3', '2', '1', 'H7CYQHEVzq0S3Q==');
INSERT INTO `jugadas` VALUES ('352', '75', '3', '3', '1', 'H7CYQHEVzq0S3Q==');
INSERT INTO `jugadas` VALUES ('353', '75', '3', '3', '1', 'H7CYQHEVzq0S3Q==');
INSERT INTO `jugadas` VALUES ('354', '75', '3', '3', '1', 'H7CYQHEVzq0S3Q==');
INSERT INTO `jugadas` VALUES ('355', '75', '3', '3', '0', 'H7CYQHEVzq0S3Q==');
INSERT INTO `jugadas` VALUES ('356', '75', '3', '3', '1', 'H7CYQHEVzq0S3Q==');
INSERT INTO `jugadas` VALUES ('357', '76', '1', '1', '1', 'WkDyRI3epA9soQ==');
INSERT INTO `jugadas` VALUES ('358', '76', '1', '1', '0', 'WkDyRI3epA9soQ==');
INSERT INTO `jugadas` VALUES ('359', '76', '1', '1', '1', 'WkDyRI3epA9soQ==');
INSERT INTO `jugadas` VALUES ('360', '76', '1', '1', '1', 'WkDyRI3epA9soQ==');
INSERT INTO `jugadas` VALUES ('361', '76', '1', '1', '0', 'WkDyRI3epA9soQ==');
INSERT INTO `jugadas` VALUES ('362', '77', '2', '1', '0', 'HhoISCr+9R9zUw==');
INSERT INTO `jugadas` VALUES ('363', '77', '2', '1', '0', 'HhoISCr+9R9zUw==');
INSERT INTO `jugadas` VALUES ('364', '77', '2', '1', '0', 'HhoISCr+9R9zUw==');
INSERT INTO `jugadas` VALUES ('365', '77', '2', '1', '0', 'HhoISCr+9R9zUw==');
INSERT INTO `jugadas` VALUES ('366', '77', '2', '1', '0', 'HhoISCr+9R9zUw==');
INSERT INTO `jugadas` VALUES ('367', '78', '1', '1', '1', '6b01XeZkGApr+Q==');
INSERT INTO `jugadas` VALUES ('368', '78', '1', '1', '1', '6b01XeZkGApr+Q==');
INSERT INTO `jugadas` VALUES ('369', '78', '1', '1', '1', '6b01XeZkGApr+Q==');
INSERT INTO `jugadas` VALUES ('370', '78', '1', '1', '0', '6b01XeZkGApr+Q==');
INSERT INTO `jugadas` VALUES ('371', '78', '1', '1', '0', '6b01XeZkGApr+Q==');
INSERT INTO `jugadas` VALUES ('372', '80', '1', '1', '1', 'HhoISCr+9R9zUw==');
INSERT INTO `jugadas` VALUES ('373', '80', '1', '1', '0', 'HhoISCr+9R9zUw==');
INSERT INTO `jugadas` VALUES ('374', '80', '1', '1', '1', 'HhoISCr+9R9zUw==');
INSERT INTO `jugadas` VALUES ('375', '80', '1', '1', '1', 'HhoISCr+9R9zUw==');
INSERT INTO `jugadas` VALUES ('376', '80', '1', '1', '0', 'HhoISCr+9R9zUw==');
INSERT INTO `jugadas` VALUES ('377', '81', '3', '1', '1', 'HhoISCr+9R9zUw==');
INSERT INTO `jugadas` VALUES ('378', '81', '3', '1', '1', 'HhoISCr+9R9zUw==');
INSERT INTO `jugadas` VALUES ('379', '82', '2', '1', '0', '6b01XeZkGApr+Q==');
INSERT INTO `jugadas` VALUES ('380', '81', '3', '1', '1', 'HhoISCr+9R9zUw==');
INSERT INTO `jugadas` VALUES ('381', '82', '2', '1', '0', '6b01XeZkGApr+Q==');
INSERT INTO `jugadas` VALUES ('382', '82', '2', '1', '0', '6b01XeZkGApr+Q==');
INSERT INTO `jugadas` VALUES ('383', '81', '3', '1', '1', 'HhoISCr+9R9zUw==');
INSERT INTO `jugadas` VALUES ('384', '82', '2', '1', '0', '6b01XeZkGApr+Q==');
INSERT INTO `jugadas` VALUES ('385', '82', '2', '1', '0', '6b01XeZkGApr+Q==');
INSERT INTO `jugadas` VALUES ('386', '81', '3', '1', '0', 'HhoISCr+9R9zUw==');
INSERT INTO `jugadas` VALUES ('387', '82', '2', '1', '0', '6b01XeZkGApr+Q==');
INSERT INTO `jugadas` VALUES ('388', '82', '2', '1', '0', '6b01XeZkGApr+Q==');
INSERT INTO `jugadas` VALUES ('389', '82', '2', '1', '0', '6b01XeZkGApr+Q==');
INSERT INTO `jugadas` VALUES ('390', '82', '2', '1', '0', '6b01XeZkGApr+Q==');
INSERT INTO `jugadas` VALUES ('391', '82', '2', '1', '0', '6b01XeZkGApr+Q==');
INSERT INTO `jugadas` VALUES ('392', '83', '2', '1', '0', 'HhoISCr+9R9zUw==');
INSERT INTO `jugadas` VALUES ('393', '83', '2', '1', '0', 'HhoISCr+9R9zUw==');
INSERT INTO `jugadas` VALUES ('394', '83', '2', '1', '0', 'HhoISCr+9R9zUw==');
INSERT INTO `jugadas` VALUES ('395', '83', '2', '1', '0', 'HhoISCr+9R9zUw==');
INSERT INTO `jugadas` VALUES ('396', '83', '2', '1', '0', 'HhoISCr+9R9zUw==');
INSERT INTO `jugadas` VALUES ('397', '83', '2', '2', '0', 'HhoISCr+9R9zUw==');
INSERT INTO `jugadas` VALUES ('398', '82', '2', '2', '0', '6b01XeZkGApr+Q==');
INSERT INTO `jugadas` VALUES ('399', '82', '2', '2', '0', '6b01XeZkGApr+Q==');
INSERT INTO `jugadas` VALUES ('400', '82', '2', '2', '0', '6b01XeZkGApr+Q==');
INSERT INTO `jugadas` VALUES ('401', '82', '2', '2', '0', '6b01XeZkGApr+Q==');
INSERT INTO `jugadas` VALUES ('402', '82', '2', '2', '0', '6b01XeZkGApr+Q==');
INSERT INTO `jugadas` VALUES ('403', '82', '2', '3', '0', '6b01XeZkGApr+Q==');
INSERT INTO `jugadas` VALUES ('404', '82', '2', '3', '0', '6b01XeZkGApr+Q==');
INSERT INTO `jugadas` VALUES ('405', '82', '2', '3', '0', '6b01XeZkGApr+Q==');
INSERT INTO `jugadas` VALUES ('406', '82', '2', '3', '0', '6b01XeZkGApr+Q==');
INSERT INTO `jugadas` VALUES ('407', '82', '2', '3', '0', '6b01XeZkGApr+Q==');
INSERT INTO `jugadas` VALUES ('408', '85', '3', '1', '1', '6b01XeZkGApr+Q==');
INSERT INTO `jugadas` VALUES ('409', '85', '3', '1', '0', '6b01XeZkGApr+Q==');
INSERT INTO `jugadas` VALUES ('410', '85', '3', '1', '0', '6b01XeZkGApr+Q==');
INSERT INTO `jugadas` VALUES ('411', '85', '3', '1', '1', '6b01XeZkGApr+Q==');
INSERT INTO `jugadas` VALUES ('412', '85', '3', '1', '1', '6b01XeZkGApr+Q==');
INSERT INTO `jugadas` VALUES ('413', '85', '3', '2', '1', '6b01XeZkGApr+Q==');
INSERT INTO `jugadas` VALUES ('414', '86', '3', '1', '1', 'HhoISCr+9R9zUw==');
INSERT INTO `jugadas` VALUES ('415', '85', '3', '2', '1', '6b01XeZkGApr+Q==');
INSERT INTO `jugadas` VALUES ('416', '85', '3', '2', '1', '6b01XeZkGApr+Q==');
INSERT INTO `jugadas` VALUES ('417', '86', '3', '1', '0', 'HhoISCr+9R9zUw==');
INSERT INTO `jugadas` VALUES ('418', '85', '3', '2', '0', '6b01XeZkGApr+Q==');
INSERT INTO `jugadas` VALUES ('419', '86', '3', '1', '0', 'HhoISCr+9R9zUw==');
INSERT INTO `jugadas` VALUES ('420', '85', '3', '2', '0', '6b01XeZkGApr+Q==');
INSERT INTO `jugadas` VALUES ('421', '86', '3', '1', '0', 'HhoISCr+9R9zUw==');
INSERT INTO `jugadas` VALUES ('422', '86', '3', '1', '1', 'HhoISCr+9R9zUw==');
INSERT INTO `jugadas` VALUES ('423', '85', '3', '3', '0', '6b01XeZkGApr+Q==');
INSERT INTO `jugadas` VALUES ('424', '85', '3', '3', '0', '6b01XeZkGApr+Q==');
INSERT INTO `jugadas` VALUES ('425', '85', '3', '3', '1', '6b01XeZkGApr+Q==');
INSERT INTO `jugadas` VALUES ('426', '85', '3', '3', '0', '6b01XeZkGApr+Q==');
INSERT INTO `jugadas` VALUES ('427', '85', '3', '3', '0', '6b01XeZkGApr+Q==');
INSERT INTO `jugadas` VALUES ('428', '76', '1', '2', '0', 'WkDyRI3epA9soQ==');
INSERT INTO `jugadas` VALUES ('429', '76', '1', '2', '0', 'WkDyRI3epA9soQ==');
INSERT INTO `jugadas` VALUES ('430', '76', '1', '2', '1', 'WkDyRI3epA9soQ==');
INSERT INTO `jugadas` VALUES ('431', '76', '1', '2', '1', 'WkDyRI3epA9soQ==');
INSERT INTO `jugadas` VALUES ('432', '76', '1', '2', '1', 'WkDyRI3epA9soQ==');
INSERT INTO `jugadas` VALUES ('433', '76', '1', '3', '1', 'WkDyRI3epA9soQ==');
INSERT INTO `jugadas` VALUES ('434', '76', '1', '3', '0', 'WkDyRI3epA9soQ==');
INSERT INTO `jugadas` VALUES ('435', '76', '1', '3', '0', 'WkDyRI3epA9soQ==');
INSERT INTO `jugadas` VALUES ('436', '76', '1', '3', '0', 'WkDyRI3epA9soQ==');
INSERT INTO `jugadas` VALUES ('437', '76', '1', '3', '1', 'WkDyRI3epA9soQ==');
INSERT INTO `jugadas` VALUES ('438', '76', '1', '3', '1', 'WkDyRI3epA9soQ==');
INSERT INTO `jugadas` VALUES ('439', '76', '1', '3', '1', 'WkDyRI3epA9soQ==');
INSERT INTO `jugadas` VALUES ('440', '76', '1', '3', '0', 'WkDyRI3epA9soQ==');
INSERT INTO `jugadas` VALUES ('441', '76', '1', '3', '0', 'WkDyRI3epA9soQ==');
INSERT INTO `jugadas` VALUES ('442', '76', '1', '3', '0', 'WkDyRI3epA9soQ==');
INSERT INTO `jugadas` VALUES ('443', '76', '1', '3', '0', 'WkDyRI3epA9soQ==');
INSERT INTO `jugadas` VALUES ('444', '87', '2', '1', '0', 'WkDyRI3epA9soQ==');
INSERT INTO `jugadas` VALUES ('445', '87', '2', '1', '0', 'WkDyRI3epA9soQ==');
INSERT INTO `jugadas` VALUES ('446', '87', '2', '1', '1', 'WkDyRI3epA9soQ==');
INSERT INTO `jugadas` VALUES ('447', '87', '2', '2', '0', 'WkDyRI3epA9soQ==');
INSERT INTO `jugadas` VALUES ('448', '87', '2', '2', '0', 'WkDyRI3epA9soQ==');
INSERT INTO `jugadas` VALUES ('449', '87', '2', '2', '0', 'WkDyRI3epA9soQ==');
INSERT INTO `jugadas` VALUES ('450', '87', '2', '2', '0', 'WkDyRI3epA9soQ==');
INSERT INTO `jugadas` VALUES ('451', '87', '2', '2', '1', 'WkDyRI3epA9soQ==');
INSERT INTO `jugadas` VALUES ('452', '87', '2', '3', '1', 'WkDyRI3epA9soQ==');
INSERT INTO `jugadas` VALUES ('453', '88', '1', '1', '1', 'OAbOKuhy4sD/gQ==');
INSERT INTO `jugadas` VALUES ('454', '88', '1', '1', '1', 'OAbOKuhy4sD/gQ==');
INSERT INTO `jugadas` VALUES ('455', '88', '1', '1', '0', 'OAbOKuhy4sD/gQ==');
INSERT INTO `jugadas` VALUES ('456', '88', '1', '1', '1', 'OAbOKuhy4sD/gQ==');
INSERT INTO `jugadas` VALUES ('457', '88', '1', '1', '1', 'OAbOKuhy4sD/gQ==');
INSERT INTO `jugadas` VALUES ('458', '88', '1', '2', '0', 'OAbOKuhy4sD/gQ==');
INSERT INTO `jugadas` VALUES ('459', '88', '1', '2', '1', 'OAbOKuhy4sD/gQ==');
INSERT INTO `jugadas` VALUES ('460', '88', '1', '2', '0', 'OAbOKuhy4sD/gQ==');
INSERT INTO `jugadas` VALUES ('461', '88', '1', '2', '1', 'OAbOKuhy4sD/gQ==');
INSERT INTO `jugadas` VALUES ('462', '88', '1', '2', '1', 'OAbOKuhy4sD/gQ==');
INSERT INTO `jugadas` VALUES ('463', '88', '1', '3', '1', 'OAbOKuhy4sD/gQ==');
INSERT INTO `jugadas` VALUES ('464', '88', '1', '3', '0', 'OAbOKuhy4sD/gQ==');
INSERT INTO `jugadas` VALUES ('465', '88', '1', '3', '1', 'OAbOKuhy4sD/gQ==');
INSERT INTO `jugadas` VALUES ('466', '88', '1', '3', '1', 'OAbOKuhy4sD/gQ==');
INSERT INTO `jugadas` VALUES ('467', '88', '1', '3', '1', 'OAbOKuhy4sD/gQ==');
INSERT INTO `jugadas` VALUES ('468', '88', '1', '3', '0', 'OAbOKuhy4sD/gQ==');
INSERT INTO `jugadas` VALUES ('469', '88', '1', '3', '1', 'OAbOKuhy4sD/gQ==');
INSERT INTO `jugadas` VALUES ('470', '88', '1', '3', '0', 'OAbOKuhy4sD/gQ==');
INSERT INTO `jugadas` VALUES ('471', '88', '1', '3', '1', 'OAbOKuhy4sD/gQ==');
INSERT INTO `jugadas` VALUES ('472', '88', '1', '3', '1', 'OAbOKuhy4sD/gQ==');
INSERT INTO `jugadas` VALUES ('473', '89', '2', '1', '1', 'OAbOKuhy4sD/gQ==');
INSERT INTO `jugadas` VALUES ('474', '89', '2', '2', '0', 'OAbOKuhy4sD/gQ==');
INSERT INTO `jugadas` VALUES ('475', '89', '2', '2', '1', 'OAbOKuhy4sD/gQ==');
INSERT INTO `jugadas` VALUES ('476', '89', '2', '3', '0', 'OAbOKuhy4sD/gQ==');
INSERT INTO `jugadas` VALUES ('477', '89', '2', '3', '1', 'OAbOKuhy4sD/gQ==');
INSERT INTO `jugadas` VALUES ('478', '90', '3', '1', '1', 'OAbOKuhy4sD/gQ==');
INSERT INTO `jugadas` VALUES ('479', '90', '3', '1', '0', 'OAbOKuhy4sD/gQ==');
INSERT INTO `jugadas` VALUES ('480', '90', '3', '1', '0', 'OAbOKuhy4sD/gQ==');
INSERT INTO `jugadas` VALUES ('481', '90', '3', '1', '1', 'OAbOKuhy4sD/gQ==');
INSERT INTO `jugadas` VALUES ('482', '90', '3', '1', '1', 'OAbOKuhy4sD/gQ==');
INSERT INTO `jugadas` VALUES ('483', '90', '3', '2', '1', 'OAbOKuhy4sD/gQ==');
INSERT INTO `jugadas` VALUES ('484', '90', '3', '2', '1', 'OAbOKuhy4sD/gQ==');
INSERT INTO `jugadas` VALUES ('485', '90', '3', '2', '1', 'OAbOKuhy4sD/gQ==');
INSERT INTO `jugadas` VALUES ('486', '90', '3', '2', '0', 'OAbOKuhy4sD/gQ==');
INSERT INTO `jugadas` VALUES ('487', '90', '3', '2', '1', 'OAbOKuhy4sD/gQ==');
INSERT INTO `jugadas` VALUES ('488', '90', '3', '3', '1', 'OAbOKuhy4sD/gQ==');
INSERT INTO `jugadas` VALUES ('489', '90', '3', '3', '0', 'OAbOKuhy4sD/gQ==');
INSERT INTO `jugadas` VALUES ('490', '90', '3', '3', '0', 'OAbOKuhy4sD/gQ==');
INSERT INTO `jugadas` VALUES ('491', '90', '3', '3', '1', 'OAbOKuhy4sD/gQ==');
INSERT INTO `jugadas` VALUES ('492', '90', '3', '3', '0', 'OAbOKuhy4sD/gQ==');
INSERT INTO `jugadas` VALUES ('493', '91', '3', '1', '1', 'OAbOKuhy4sD/gQ==');
INSERT INTO `jugadas` VALUES ('494', '91', '3', '1', '1', 'OAbOKuhy4sD/gQ==');
INSERT INTO `jugadas` VALUES ('495', '91', '3', '1', '1', 'OAbOKuhy4sD/gQ==');
INSERT INTO `jugadas` VALUES ('496', '91', '3', '1', '0', 'OAbOKuhy4sD/gQ==');
INSERT INTO `jugadas` VALUES ('497', '91', '3', '1', '1', 'OAbOKuhy4sD/gQ==');
INSERT INTO `jugadas` VALUES ('498', '91', '3', '2', '0', 'OAbOKuhy4sD/gQ==');
INSERT INTO `jugadas` VALUES ('499', '91', '3', '2', '1', 'OAbOKuhy4sD/gQ==');
INSERT INTO `jugadas` VALUES ('500', '91', '3', '2', '0', 'OAbOKuhy4sD/gQ==');
INSERT INTO `jugadas` VALUES ('501', '91', '3', '2', '1', 'OAbOKuhy4sD/gQ==');
INSERT INTO `jugadas` VALUES ('502', '91', '3', '2', '1', 'OAbOKuhy4sD/gQ==');
INSERT INTO `jugadas` VALUES ('503', '91', '3', '3', '0', 'OAbOKuhy4sD/gQ==');
INSERT INTO `jugadas` VALUES ('504', '91', '3', '3', '1', 'OAbOKuhy4sD/gQ==');
INSERT INTO `jugadas` VALUES ('505', '91', '3', '3', '0', 'OAbOKuhy4sD/gQ==');
INSERT INTO `jugadas` VALUES ('506', '91', '3', '3', '1', 'OAbOKuhy4sD/gQ==');
INSERT INTO `jugadas` VALUES ('507', '91', '3', '3', '1', 'OAbOKuhy4sD/gQ==');
INSERT INTO `jugadas` VALUES ('508', '92', '2', '1', '1', 'OAbOKuhy4sD/gQ==');
INSERT INTO `jugadas` VALUES ('509', '92', '2', '2', '1', 'OAbOKuhy4sD/gQ==');
INSERT INTO `jugadas` VALUES ('510', '92', '2', '3', '0', 'OAbOKuhy4sD/gQ==');
INSERT INTO `jugadas` VALUES ('511', '92', '2', '3', '1', 'OAbOKuhy4sD/gQ==');
INSERT INTO `jugadas` VALUES ('512', '93', '1', '1', '1', 'OAbOKuhy4sD/gQ==');
INSERT INTO `jugadas` VALUES ('513', '93', '1', '1', '1', 'OAbOKuhy4sD/gQ==');
INSERT INTO `jugadas` VALUES ('514', '93', '1', '1', '1', 'OAbOKuhy4sD/gQ==');
INSERT INTO `jugadas` VALUES ('515', '93', '1', '1', '1', 'OAbOKuhy4sD/gQ==');
INSERT INTO `jugadas` VALUES ('516', '93', '1', '1', '1', 'OAbOKuhy4sD/gQ==');
INSERT INTO `jugadas` VALUES ('517', '93', '1', '2', '1', 'OAbOKuhy4sD/gQ==');
INSERT INTO `jugadas` VALUES ('518', '93', '1', '2', '1', 'OAbOKuhy4sD/gQ==');
INSERT INTO `jugadas` VALUES ('519', '93', '1', '2', '1', 'OAbOKuhy4sD/gQ==');
INSERT INTO `jugadas` VALUES ('520', '93', '1', '2', '1', 'OAbOKuhy4sD/gQ==');
INSERT INTO `jugadas` VALUES ('521', '93', '1', '2', '1', 'OAbOKuhy4sD/gQ==');
INSERT INTO `jugadas` VALUES ('522', '93', '1', '3', '1', 'OAbOKuhy4sD/gQ==');
INSERT INTO `jugadas` VALUES ('523', '93', '1', '3', '1', 'OAbOKuhy4sD/gQ==');
INSERT INTO `jugadas` VALUES ('524', '93', '1', '3', '1', 'OAbOKuhy4sD/gQ==');
INSERT INTO `jugadas` VALUES ('525', '93', '1', '3', '1', 'OAbOKuhy4sD/gQ==');
INSERT INTO `jugadas` VALUES ('526', '93', '1', '3', '1', 'OAbOKuhy4sD/gQ==');
INSERT INTO `jugadas` VALUES ('527', '93', '1', '3', '0', 'OAbOKuhy4sD/gQ==');
INSERT INTO `jugadas` VALUES ('528', '93', '1', '3', '1', 'OAbOKuhy4sD/gQ==');
INSERT INTO `jugadas` VALUES ('529', '93', '1', '3', '1', 'OAbOKuhy4sD/gQ==');
INSERT INTO `jugadas` VALUES ('530', '93', '1', '3', '1', 'OAbOKuhy4sD/gQ==');
INSERT INTO `jugadas` VALUES ('531', '93', '1', '3', '1', 'OAbOKuhy4sD/gQ==');
INSERT INTO `jugadas` VALUES ('532', '93', '1', '3', '1', 'OAbOKuhy4sD/gQ==');
INSERT INTO `jugadas` VALUES ('533', '93', '1', '3', '1', 'OAbOKuhy4sD/gQ==');
INSERT INTO `jugadas` VALUES ('534', '94', '1', '1', '1', 'tLn7ur4QkwJWew==');
INSERT INTO `jugadas` VALUES ('535', '94', '1', '1', '1', 'tLn7ur4QkwJWew==');
INSERT INTO `jugadas` VALUES ('536', '94', '1', '1', '1', 'tLn7ur4QkwJWew==');
INSERT INTO `jugadas` VALUES ('537', '94', '1', '1', '0', 'tLn7ur4QkwJWew==');
INSERT INTO `jugadas` VALUES ('538', '94', '1', '1', '1', 'tLn7ur4QkwJWew==');
INSERT INTO `jugadas` VALUES ('539', '94', '1', '2', '1', 'tLn7ur4QkwJWew==');
INSERT INTO `jugadas` VALUES ('540', '94', '1', '2', '0', 'tLn7ur4QkwJWew==');
INSERT INTO `jugadas` VALUES ('541', '94', '1', '2', '1', 'tLn7ur4QkwJWew==');
INSERT INTO `jugadas` VALUES ('542', '94', '1', '2', '1', 'tLn7ur4QkwJWew==');
INSERT INTO `jugadas` VALUES ('543', '94', '1', '2', '1', 'tLn7ur4QkwJWew==');
INSERT INTO `jugadas` VALUES ('544', '95', '2', '1', '1', 'tLn7ur4QkwJWew==');
INSERT INTO `jugadas` VALUES ('545', '95', '2', '2', '0', 'tLn7ur4QkwJWew==');
INSERT INTO `jugadas` VALUES ('546', '95', '2', '2', '0', 'tLn7ur4QkwJWew==');
INSERT INTO `jugadas` VALUES ('547', '95', '2', '2', '1', 'tLn7ur4QkwJWew==');
INSERT INTO `jugadas` VALUES ('548', '95', '2', '3', '1', 'tLn7ur4QkwJWew==');
INSERT INTO `jugadas` VALUES ('549', '96', '3', '1', '1', 'tLn7ur4QkwJWew==');
INSERT INTO `jugadas` VALUES ('550', '96', '3', '1', '1', 'tLn7ur4QkwJWew==');
INSERT INTO `jugadas` VALUES ('551', '96', '3', '1', '1', 'tLn7ur4QkwJWew==');
INSERT INTO `jugadas` VALUES ('552', '96', '3', '1', '1', 'tLn7ur4QkwJWew==');
INSERT INTO `jugadas` VALUES ('553', '96', '3', '1', '1', 'tLn7ur4QkwJWew==');
INSERT INTO `jugadas` VALUES ('554', '96', '3', '2', '1', 'tLn7ur4QkwJWew==');
INSERT INTO `jugadas` VALUES ('555', '96', '3', '2', '1', 'tLn7ur4QkwJWew==');
INSERT INTO `jugadas` VALUES ('556', '96', '3', '2', '1', 'tLn7ur4QkwJWew==');
INSERT INTO `jugadas` VALUES ('557', '96', '3', '2', '1', 'tLn7ur4QkwJWew==');
INSERT INTO `jugadas` VALUES ('558', '96', '3', '2', '1', 'tLn7ur4QkwJWew==');
INSERT INTO `jugadas` VALUES ('559', '96', '3', '3', '1', 'tLn7ur4QkwJWew==');
INSERT INTO `jugadas` VALUES ('560', '96', '3', '3', '1', 'tLn7ur4QkwJWew==');
INSERT INTO `jugadas` VALUES ('561', '96', '3', '3', '1', 'tLn7ur4QkwJWew==');
INSERT INTO `jugadas` VALUES ('562', '96', '3', '3', '1', 'tLn7ur4QkwJWew==');
INSERT INTO `jugadas` VALUES ('563', '96', '3', '3', '1', 'tLn7ur4QkwJWew==');
INSERT INTO `jugadas` VALUES ('564', '99', '2', '1', '1', 'n17T1kWQjlgp6Q==');
INSERT INTO `jugadas` VALUES ('565', '99', '2', '2', '0', 'n17T1kWQjlgp6Q==');
INSERT INTO `jugadas` VALUES ('566', '99', '2', '2', '0', 'n17T1kWQjlgp6Q==');
INSERT INTO `jugadas` VALUES ('567', '99', '2', '2', '1', 'n17T1kWQjlgp6Q==');
INSERT INTO `jugadas` VALUES ('568', '99', '2', '3', '0', 'n17T1kWQjlgp6Q==');
INSERT INTO `jugadas` VALUES ('569', '99', '2', '3', '0', 'n17T1kWQjlgp6Q==');
INSERT INTO `jugadas` VALUES ('570', '99', '2', '3', '0', 'n17T1kWQjlgp6Q==');
INSERT INTO `jugadas` VALUES ('571', '99', '2', '3', '1', 'n17T1kWQjlgp6Q==');
INSERT INTO `jugadas` VALUES ('572', '100', '3', '1', '0', 'n17T1kWQjlgp6Q==');
INSERT INTO `jugadas` VALUES ('573', '100', '3', '1', '1', 'n17T1kWQjlgp6Q==');
INSERT INTO `jugadas` VALUES ('574', '100', '3', '1', '1', 'n17T1kWQjlgp6Q==');
INSERT INTO `jugadas` VALUES ('575', '100', '3', '1', '1', 'n17T1kWQjlgp6Q==');
INSERT INTO `jugadas` VALUES ('576', '100', '3', '1', '1', 'n17T1kWQjlgp6Q==');
INSERT INTO `jugadas` VALUES ('577', '100', '3', '2', '0', 'n17T1kWQjlgp6Q==');
INSERT INTO `jugadas` VALUES ('578', '100', '3', '2', '1', 'n17T1kWQjlgp6Q==');
INSERT INTO `jugadas` VALUES ('579', '100', '3', '2', '1', 'n17T1kWQjlgp6Q==');
INSERT INTO `jugadas` VALUES ('580', '100', '3', '2', '0', 'n17T1kWQjlgp6Q==');
INSERT INTO `jugadas` VALUES ('581', '100', '3', '2', '1', 'n17T1kWQjlgp6Q==');
INSERT INTO `jugadas` VALUES ('582', '100', '3', '3', '1', 'n17T1kWQjlgp6Q==');
INSERT INTO `jugadas` VALUES ('583', '100', '3', '3', '1', 'n17T1kWQjlgp6Q==');
INSERT INTO `jugadas` VALUES ('584', '100', '3', '3', '1', 'n17T1kWQjlgp6Q==');
INSERT INTO `jugadas` VALUES ('585', '100', '3', '3', '1', 'n17T1kWQjlgp6Q==');
INSERT INTO `jugadas` VALUES ('586', '100', '3', '3', '1', 'n17T1kWQjlgp6Q==');
INSERT INTO `jugadas` VALUES ('587', '101', '1', '1', '1', 'n17T1kWQjlgp6Q==');
INSERT INTO `jugadas` VALUES ('588', '101', '1', '1', '1', 'n17T1kWQjlgp6Q==');
INSERT INTO `jugadas` VALUES ('589', '101', '1', '1', '1', 'n17T1kWQjlgp6Q==');
INSERT INTO `jugadas` VALUES ('590', '101', '1', '1', '1', 'n17T1kWQjlgp6Q==');
INSERT INTO `jugadas` VALUES ('591', '101', '1', '1', '1', 'n17T1kWQjlgp6Q==');
INSERT INTO `jugadas` VALUES ('592', '101', '1', '2', '1', 'n17T1kWQjlgp6Q==');
INSERT INTO `jugadas` VALUES ('593', '101', '1', '2', '1', 'n17T1kWQjlgp6Q==');
INSERT INTO `jugadas` VALUES ('594', '101', '1', '2', '0', 'n17T1kWQjlgp6Q==');
INSERT INTO `jugadas` VALUES ('595', '101', '1', '2', '0', 'n17T1kWQjlgp6Q==');
INSERT INTO `jugadas` VALUES ('596', '101', '1', '2', '1', 'n17T1kWQjlgp6Q==');
INSERT INTO `jugadas` VALUES ('597', '102', '1', '1', '1', '4fjyKsnWVzdWWg==');
INSERT INTO `jugadas` VALUES ('598', '102', '1', '1', '1', '4fjyKsnWVzdWWg==');
INSERT INTO `jugadas` VALUES ('599', '102', '1', '1', '0', '4fjyKsnWVzdWWg==');
INSERT INTO `jugadas` VALUES ('600', '102', '1', '1', '0', '4fjyKsnWVzdWWg==');
INSERT INTO `jugadas` VALUES ('601', '102', '1', '1', '1', '4fjyKsnWVzdWWg==');
INSERT INTO `jugadas` VALUES ('602', '102', '1', '1', '1', '4fjyKsnWVzdWWg==');
INSERT INTO `jugadas` VALUES ('603', '102', '1', '1', '0', '4fjyKsnWVzdWWg==');
INSERT INTO `jugadas` VALUES ('604', '102', '1', '1', '1', '4fjyKsnWVzdWWg==');
INSERT INTO `jugadas` VALUES ('605', '102', '1', '1', '0', '4fjyKsnWVzdWWg==');
INSERT INTO `jugadas` VALUES ('606', '102', '1', '1', '0', '4fjyKsnWVzdWWg==');
INSERT INTO `jugadas` VALUES ('607', '102', '1', '1', '1', '4fjyKsnWVzdWWg==');
INSERT INTO `jugadas` VALUES ('608', '102', '1', '1', '1', '4fjyKsnWVzdWWg==');
INSERT INTO `jugadas` VALUES ('609', '102', '1', '1', '0', '4fjyKsnWVzdWWg==');
INSERT INTO `jugadas` VALUES ('610', '102', '1', '1', '0', '4fjyKsnWVzdWWg==');
INSERT INTO `jugadas` VALUES ('611', '102', '1', '1', '0', '4fjyKsnWVzdWWg==');
INSERT INTO `jugadas` VALUES ('612', '102', '1', '1', '1', '4fjyKsnWVzdWWg==');
INSERT INTO `jugadas` VALUES ('613', '102', '1', '1', '1', '4fjyKsnWVzdWWg==');
INSERT INTO `jugadas` VALUES ('614', '102', '1', '1', '1', '4fjyKsnWVzdWWg==');
INSERT INTO `jugadas` VALUES ('615', '102', '1', '1', '1', '4fjyKsnWVzdWWg==');
INSERT INTO `jugadas` VALUES ('616', '102', '1', '1', '0', '4fjyKsnWVzdWWg==');
INSERT INTO `jugadas` VALUES ('617', '102', '1', '1', '1', '4fjyKsnWVzdWWg==');
INSERT INTO `jugadas` VALUES ('618', '102', '1', '1', '0', '4fjyKsnWVzdWWg==');
INSERT INTO `jugadas` VALUES ('619', '102', '1', '1', '0', '4fjyKsnWVzdWWg==');
INSERT INTO `jugadas` VALUES ('620', '102', '1', '1', '0', '4fjyKsnWVzdWWg==');
INSERT INTO `jugadas` VALUES ('621', '102', '1', '1', '0', '4fjyKsnWVzdWWg==');
INSERT INTO `jugadas` VALUES ('622', '102', '1', '1', '0', '4fjyKsnWVzdWWg==');
INSERT INTO `jugadas` VALUES ('623', '102', '1', '1', '1', '4fjyKsnWVzdWWg==');
INSERT INTO `jugadas` VALUES ('624', '102', '1', '1', '1', '4fjyKsnWVzdWWg==');
INSERT INTO `jugadas` VALUES ('625', '102', '1', '1', '0', '4fjyKsnWVzdWWg==');
INSERT INTO `jugadas` VALUES ('626', '102', '1', '1', '0', '4fjyKsnWVzdWWg==');
INSERT INTO `jugadas` VALUES ('627', '102', '1', '1', '1', '4fjyKsnWVzdWWg==');
INSERT INTO `jugadas` VALUES ('628', '102', '1', '1', '1', '4fjyKsnWVzdWWg==');
INSERT INTO `jugadas` VALUES ('629', '102', '1', '1', '0', '4fjyKsnWVzdWWg==');
INSERT INTO `jugadas` VALUES ('630', '102', '1', '1', '0', '4fjyKsnWVzdWWg==');
INSERT INTO `jugadas` VALUES ('631', '102', '1', '1', '0', '4fjyKsnWVzdWWg==');
INSERT INTO `jugadas` VALUES ('632', '103', '1', '1', '1', '4fjyKsnWVzdWWg==');
INSERT INTO `jugadas` VALUES ('633', '103', '1', '1', '1', '4fjyKsnWVzdWWg==');
INSERT INTO `jugadas` VALUES ('634', '103', '1', '1', '0', '4fjyKsnWVzdWWg==');
INSERT INTO `jugadas` VALUES ('635', '103', '1', '1', '0', '4fjyKsnWVzdWWg==');
INSERT INTO `jugadas` VALUES ('636', '103', '1', '1', '0', '4fjyKsnWVzdWWg==');
INSERT INTO `jugadas` VALUES ('637', '103', '1', '1', '1', '4fjyKsnWVzdWWg==');
INSERT INTO `jugadas` VALUES ('638', '103', '1', '1', '1', '4fjyKsnWVzdWWg==');
INSERT INTO `jugadas` VALUES ('639', '103', '1', '1', '1', '4fjyKsnWVzdWWg==');
INSERT INTO `jugadas` VALUES ('640', '103', '1', '1', '0', '4fjyKsnWVzdWWg==');
INSERT INTO `jugadas` VALUES ('641', '103', '1', '1', '0', '4fjyKsnWVzdWWg==');
INSERT INTO `jugadas` VALUES ('642', '103', '1', '2', '1', '4fjyKsnWVzdWWg==');
INSERT INTO `jugadas` VALUES ('643', '103', '1', '2', '1', '4fjyKsnWVzdWWg==');
INSERT INTO `jugadas` VALUES ('644', '103', '1', '2', '1', '4fjyKsnWVzdWWg==');
INSERT INTO `jugadas` VALUES ('645', '103', '1', '2', '1', '4fjyKsnWVzdWWg==');
INSERT INTO `jugadas` VALUES ('646', '103', '1', '2', '1', '4fjyKsnWVzdWWg==');
INSERT INTO `jugadas` VALUES ('647', '103', '1', '2', '0', '4fjyKsnWVzdWWg==');
INSERT INTO `jugadas` VALUES ('648', '103', '1', '2', '1', '4fjyKsnWVzdWWg==');
INSERT INTO `jugadas` VALUES ('649', '103', '1', '2', '1', '4fjyKsnWVzdWWg==');
INSERT INTO `jugadas` VALUES ('650', '103', '1', '2', '0', '4fjyKsnWVzdWWg==');
INSERT INTO `jugadas` VALUES ('651', '103', '1', '2', '0', '4fjyKsnWVzdWWg==');
INSERT INTO `jugadas` VALUES ('652', '103', '1', '2', '1', '4fjyKsnWVzdWWg==');
INSERT INTO `jugadas` VALUES ('653', '103', '1', '2', '1', '4fjyKsnWVzdWWg==');
INSERT INTO `jugadas` VALUES ('654', '103', '1', '2', '1', '4fjyKsnWVzdWWg==');
INSERT INTO `jugadas` VALUES ('655', '103', '1', '2', '1', '4fjyKsnWVzdWWg==');
INSERT INTO `jugadas` VALUES ('656', '103', '1', '2', '0', '4fjyKsnWVzdWWg==');
INSERT INTO `jugadas` VALUES ('657', '104', '2', '1', '0', '4fjyKsnWVzdWWg==');
INSERT INTO `jugadas` VALUES ('658', '104', '2', '1', '0', '4fjyKsnWVzdWWg==');
INSERT INTO `jugadas` VALUES ('659', '104', '2', '1', '0', '4fjyKsnWVzdWWg==');
INSERT INTO `jugadas` VALUES ('660', '106', '2', '1', '1', '4fjyKsnWVzdWWg==');
INSERT INTO `jugadas` VALUES ('661', '106', '2', '1', '1', '4fjyKsnWVzdWWg==');
INSERT INTO `jugadas` VALUES ('662', '108', '1', '1', '1', 'jZZ+vexsDgnJuA==');
INSERT INTO `jugadas` VALUES ('663', '108', '1', '1', '1', 'jZZ+vexsDgnJuA==');
INSERT INTO `jugadas` VALUES ('664', '108', '1', '1', '0', 'jZZ+vexsDgnJuA==');
INSERT INTO `jugadas` VALUES ('665', '108', '1', '1', '0', 'jZZ+vexsDgnJuA==');
INSERT INTO `jugadas` VALUES ('666', '108', '1', '1', '0', 'jZZ+vexsDgnJuA==');
INSERT INTO `jugadas` VALUES ('667', '108', '1', '2', '1', 'jZZ+vexsDgnJuA==');
INSERT INTO `jugadas` VALUES ('668', '108', '1', '2', '1', 'jZZ+vexsDgnJuA==');
INSERT INTO `jugadas` VALUES ('669', '108', '1', '2', '1', 'jZZ+vexsDgnJuA==');
INSERT INTO `jugadas` VALUES ('670', '108', '1', '2', '1', 'jZZ+vexsDgnJuA==');
INSERT INTO `jugadas` VALUES ('671', '108', '1', '2', '1', 'jZZ+vexsDgnJuA==');
INSERT INTO `jugadas` VALUES ('672', '108', '1', '3', '0', 'jZZ+vexsDgnJuA==');
INSERT INTO `jugadas` VALUES ('673', '108', '1', '3', '0', 'jZZ+vexsDgnJuA==');
INSERT INTO `jugadas` VALUES ('674', '108', '1', '3', '1', 'jZZ+vexsDgnJuA==');
INSERT INTO `jugadas` VALUES ('675', '108', '1', '3', '1', 'jZZ+vexsDgnJuA==');
INSERT INTO `jugadas` VALUES ('676', '108', '1', '3', '0', 'jZZ+vexsDgnJuA==');
INSERT INTO `jugadas` VALUES ('677', '108', '1', '3', '0', 'jZZ+vexsDgnJuA==');
INSERT INTO `jugadas` VALUES ('678', '108', '1', '3', '1', 'jZZ+vexsDgnJuA==');
INSERT INTO `jugadas` VALUES ('679', '108', '1', '3', '1', 'jZZ+vexsDgnJuA==');
INSERT INTO `jugadas` VALUES ('680', '108', '1', '3', '1', 'jZZ+vexsDgnJuA==');
INSERT INTO `jugadas` VALUES ('681', '108', '1', '3', '1', 'jZZ+vexsDgnJuA==');
INSERT INTO `jugadas` VALUES ('682', '109', '2', '1', '0', 'jZZ+vexsDgnJuA==');
INSERT INTO `jugadas` VALUES ('683', '109', '2', '1', '0', 'jZZ+vexsDgnJuA==');
INSERT INTO `jugadas` VALUES ('684', '109', '2', '1', '1', 'jZZ+vexsDgnJuA==');
INSERT INTO `jugadas` VALUES ('685', '109', '2', '2', '0', 'jZZ+vexsDgnJuA==');
INSERT INTO `jugadas` VALUES ('686', '109', '2', '2', '1', 'jZZ+vexsDgnJuA==');
INSERT INTO `jugadas` VALUES ('687', '109', '2', '3', '0', 'jZZ+vexsDgnJuA==');
INSERT INTO `jugadas` VALUES ('688', '109', '2', '3', '1', 'jZZ+vexsDgnJuA==');
INSERT INTO `jugadas` VALUES ('689', '110', '3', '1', '1', 'jZZ+vexsDgnJuA==');
INSERT INTO `jugadas` VALUES ('690', '110', '3', '1', '0', 'jZZ+vexsDgnJuA==');
INSERT INTO `jugadas` VALUES ('691', '110', '3', '1', '1', 'jZZ+vexsDgnJuA==');
INSERT INTO `jugadas` VALUES ('692', '110', '3', '1', '1', 'jZZ+vexsDgnJuA==');
INSERT INTO `jugadas` VALUES ('693', '110', '3', '1', '0', 'jZZ+vexsDgnJuA==');
INSERT INTO `jugadas` VALUES ('694', '110', '3', '2', '1', 'jZZ+vexsDgnJuA==');
INSERT INTO `jugadas` VALUES ('695', '110', '3', '2', '1', 'jZZ+vexsDgnJuA==');
INSERT INTO `jugadas` VALUES ('696', '110', '3', '2', '0', 'jZZ+vexsDgnJuA==');
INSERT INTO `jugadas` VALUES ('697', '110', '3', '2', '1', 'jZZ+vexsDgnJuA==');
INSERT INTO `jugadas` VALUES ('698', '110', '3', '2', '0', 'jZZ+vexsDgnJuA==');
INSERT INTO `jugadas` VALUES ('699', '110', '3', '3', '0', 'jZZ+vexsDgnJuA==');
INSERT INTO `jugadas` VALUES ('700', '110', '3', '3', '1', 'jZZ+vexsDgnJuA==');
INSERT INTO `jugadas` VALUES ('701', '110', '3', '3', '1', 'jZZ+vexsDgnJuA==');
INSERT INTO `jugadas` VALUES ('702', '110', '3', '3', '1', 'jZZ+vexsDgnJuA==');
INSERT INTO `jugadas` VALUES ('703', '110', '3', '3', '1', 'jZZ+vexsDgnJuA==');
INSERT INTO `jugadas` VALUES ('704', '111', '1', '1', '0', 'KZoIPY56eqrR/Q==');
INSERT INTO `jugadas` VALUES ('705', '111', '1', '1', '1', 'KZoIPY56eqrR/Q==');
INSERT INTO `jugadas` VALUES ('706', '111', '1', '1', '1', 'KZoIPY56eqrR/Q==');
INSERT INTO `jugadas` VALUES ('707', '111', '1', '1', '1', 'KZoIPY56eqrR/Q==');
INSERT INTO `jugadas` VALUES ('708', '111', '1', '1', '0', 'KZoIPY56eqrR/Q==');
INSERT INTO `jugadas` VALUES ('709', '111', '1', '2', '1', 'KZoIPY56eqrR/Q==');
INSERT INTO `jugadas` VALUES ('710', '111', '1', '2', '0', 'KZoIPY56eqrR/Q==');
INSERT INTO `jugadas` VALUES ('711', '111', '1', '2', '1', 'KZoIPY56eqrR/Q==');
INSERT INTO `jugadas` VALUES ('712', '111', '1', '2', '1', 'KZoIPY56eqrR/Q==');
INSERT INTO `jugadas` VALUES ('713', '111', '1', '2', '1', 'KZoIPY56eqrR/Q==');
INSERT INTO `jugadas` VALUES ('714', '111', '1', '3', '0', 'KZoIPY56eqrR/Q==');
INSERT INTO `jugadas` VALUES ('715', '111', '1', '3', '1', 'KZoIPY56eqrR/Q==');
INSERT INTO `jugadas` VALUES ('716', '111', '1', '3', '1', 'KZoIPY56eqrR/Q==');
INSERT INTO `jugadas` VALUES ('717', '111', '1', '3', '0', 'KZoIPY56eqrR/Q==');
INSERT INTO `jugadas` VALUES ('718', '111', '1', '3', '0', 'KZoIPY56eqrR/Q==');
INSERT INTO `jugadas` VALUES ('719', '111', '1', '3', '1', 'KZoIPY56eqrR/Q==');
INSERT INTO `jugadas` VALUES ('720', '111', '1', '3', '1', 'KZoIPY56eqrR/Q==');
INSERT INTO `jugadas` VALUES ('721', '111', '1', '3', '1', 'KZoIPY56eqrR/Q==');
INSERT INTO `jugadas` VALUES ('722', '111', '1', '3', '1', 'KZoIPY56eqrR/Q==');
INSERT INTO `jugadas` VALUES ('723', '111', '1', '3', '1', 'KZoIPY56eqrR/Q==');
INSERT INTO `jugadas` VALUES ('724', '112', '2', '1', '1', 'KZoIPY56eqrR/Q==');
INSERT INTO `jugadas` VALUES ('725', '112', '2', '2', '1', 'KZoIPY56eqrR/Q==');
INSERT INTO `jugadas` VALUES ('726', '112', '2', '3', '1', 'KZoIPY56eqrR/Q==');
INSERT INTO `jugadas` VALUES ('727', '113', '2', '1', '0', 'KZoIPY56eqrR/Q==');
INSERT INTO `jugadas` VALUES ('728', '113', '2', '1', '0', 'KZoIPY56eqrR/Q==');
INSERT INTO `jugadas` VALUES ('729', '113', '2', '1', '0', 'KZoIPY56eqrR/Q==');
INSERT INTO `jugadas` VALUES ('730', '113', '2', '1', '1', 'KZoIPY56eqrR/Q==');
INSERT INTO `jugadas` VALUES ('731', '113', '2', '2', '1', 'KZoIPY56eqrR/Q==');
INSERT INTO `jugadas` VALUES ('732', '113', '2', '3', '1', 'KZoIPY56eqrR/Q==');
INSERT INTO `jugadas` VALUES ('733', '114', '3', '1', '1', 'KZoIPY56eqrR/Q==');
INSERT INTO `jugadas` VALUES ('734', '114', '3', '1', '0', 'KZoIPY56eqrR/Q==');
INSERT INTO `jugadas` VALUES ('735', '114', '3', '1', '1', 'KZoIPY56eqrR/Q==');
INSERT INTO `jugadas` VALUES ('736', '114', '3', '1', '1', 'KZoIPY56eqrR/Q==');
INSERT INTO `jugadas` VALUES ('737', '114', '3', '1', '1', 'KZoIPY56eqrR/Q==');
INSERT INTO `jugadas` VALUES ('738', '114', '3', '2', '1', 'KZoIPY56eqrR/Q==');
INSERT INTO `jugadas` VALUES ('739', '114', '3', '2', '1', 'KZoIPY56eqrR/Q==');
INSERT INTO `jugadas` VALUES ('740', '114', '3', '2', '0', 'KZoIPY56eqrR/Q==');
INSERT INTO `jugadas` VALUES ('741', '114', '3', '2', '1', 'KZoIPY56eqrR/Q==');
INSERT INTO `jugadas` VALUES ('742', '114', '3', '2', '1', 'KZoIPY56eqrR/Q==');
INSERT INTO `jugadas` VALUES ('743', '114', '3', '3', '1', 'KZoIPY56eqrR/Q==');
INSERT INTO `jugadas` VALUES ('744', '114', '3', '3', '1', 'KZoIPY56eqrR/Q==');
INSERT INTO `jugadas` VALUES ('745', '114', '3', '3', '0', 'KZoIPY56eqrR/Q==');
INSERT INTO `jugadas` VALUES ('746', '114', '3', '3', '0', 'KZoIPY56eqrR/Q==');
INSERT INTO `jugadas` VALUES ('747', '114', '3', '3', '1', 'KZoIPY56eqrR/Q==');
INSERT INTO `jugadas` VALUES ('748', '117', '2', '1', '0', 'KZ39bFayGqadtw==');
INSERT INTO `jugadas` VALUES ('749', '117', '2', '1', '0', 'KZ39bFayGqadtw==');
INSERT INTO `jugadas` VALUES ('750', '117', '2', '1', '0', 'KZ39bFayGqadtw==');
INSERT INTO `jugadas` VALUES ('751', '117', '2', '1', '0', 'KZ39bFayGqadtw==');
INSERT INTO `jugadas` VALUES ('752', '117', '2', '1', '0', 'KZ39bFayGqadtw==');
INSERT INTO `jugadas` VALUES ('753', '118', '1', '1', '1', 'KZ39bFayGqadtw==');
INSERT INTO `jugadas` VALUES ('754', '118', '1', '1', '1', 'KZ39bFayGqadtw==');
INSERT INTO `jugadas` VALUES ('755', '118', '1', '1', '1', 'KZ39bFayGqadtw==');
INSERT INTO `jugadas` VALUES ('756', '118', '1', '1', '1', 'KZ39bFayGqadtw==');
INSERT INTO `jugadas` VALUES ('757', '118', '1', '1', '1', 'KZ39bFayGqadtw==');
INSERT INTO `jugadas` VALUES ('758', '118', '1', '2', '1', 'KZ39bFayGqadtw==');
INSERT INTO `jugadas` VALUES ('759', '118', '1', '2', '1', 'KZ39bFayGqadtw==');
INSERT INTO `jugadas` VALUES ('760', '118', '1', '2', '1', 'KZ39bFayGqadtw==');
INSERT INTO `jugadas` VALUES ('761', '118', '1', '2', '1', 'KZ39bFayGqadtw==');
INSERT INTO `jugadas` VALUES ('762', '118', '1', '2', '1', 'KZ39bFayGqadtw==');
INSERT INTO `jugadas` VALUES ('763', '119', '1', '1', '1', 'TGCNja35CDxP3Q==');
INSERT INTO `jugadas` VALUES ('764', '119', '1', '1', '1', 'TGCNja35CDxP3Q==');
INSERT INTO `jugadas` VALUES ('765', '119', '1', '1', '1', 'TGCNja35CDxP3Q==');
INSERT INTO `jugadas` VALUES ('766', '119', '1', '1', '1', 'TGCNja35CDxP3Q==');
INSERT INTO `jugadas` VALUES ('767', '119', '1', '1', '1', 'TGCNja35CDxP3Q==');
INSERT INTO `jugadas` VALUES ('768', '120', '2', '1', '1', 'TGCNja35CDxP3Q==');
INSERT INTO `jugadas` VALUES ('769', '121', '1', '1', '1', 'd3ZC1a8HcZILTg==');
INSERT INTO `jugadas` VALUES ('770', '121', '1', '1', '1', 'd3ZC1a8HcZILTg==');
INSERT INTO `jugadas` VALUES ('771', '121', '1', '1', '1', 'd3ZC1a8HcZILTg==');
INSERT INTO `jugadas` VALUES ('772', '121', '1', '1', '1', 'd3ZC1a8HcZILTg==');
INSERT INTO `jugadas` VALUES ('773', '121', '1', '1', '1', 'd3ZC1a8HcZILTg==');
INSERT INTO `jugadas` VALUES ('774', '121', '1', '2', '0', 'd3ZC1a8HcZILTg==');
INSERT INTO `jugadas` VALUES ('775', '121', '1', '2', '1', 'd3ZC1a8HcZILTg==');
INSERT INTO `jugadas` VALUES ('776', '121', '1', '2', '1', 'd3ZC1a8HcZILTg==');
INSERT INTO `jugadas` VALUES ('777', '121', '1', '2', '1', 'd3ZC1a8HcZILTg==');
INSERT INTO `jugadas` VALUES ('778', '121', '1', '2', '1', 'd3ZC1a8HcZILTg==');
INSERT INTO `jugadas` VALUES ('779', '121', '1', '3', '1', 'd3ZC1a8HcZILTg==');
INSERT INTO `jugadas` VALUES ('780', '121', '1', '3', '1', 'd3ZC1a8HcZILTg==');
INSERT INTO `jugadas` VALUES ('781', '121', '1', '3', '0', 'd3ZC1a8HcZILTg==');
INSERT INTO `jugadas` VALUES ('782', '121', '1', '3', '1', 'd3ZC1a8HcZILTg==');
INSERT INTO `jugadas` VALUES ('783', '121', '1', '3', '1', 'd3ZC1a8HcZILTg==');
INSERT INTO `jugadas` VALUES ('784', '121', '1', '3', '1', 'd3ZC1a8HcZILTg==');
INSERT INTO `jugadas` VALUES ('785', '121', '1', '3', '1', 'd3ZC1a8HcZILTg==');
INSERT INTO `jugadas` VALUES ('786', '121', '1', '3', '1', 'd3ZC1a8HcZILTg==');
INSERT INTO `jugadas` VALUES ('787', '121', '1', '3', '1', 'd3ZC1a8HcZILTg==');
INSERT INTO `jugadas` VALUES ('788', '121', '1', '3', '1', 'd3ZC1a8HcZILTg==');
INSERT INTO `jugadas` VALUES ('789', '121', '1', '3', '1', 'd3ZC1a8HcZILTg==');
INSERT INTO `jugadas` VALUES ('790', '122', '3', '1', '1', 'g+1iYmyWU5ZA/Q==');
INSERT INTO `jugadas` VALUES ('791', '122', '3', '1', '1', 'g+1iYmyWU5ZA/Q==');
INSERT INTO `jugadas` VALUES ('792', '122', '3', '1', '1', 'g+1iYmyWU5ZA/Q==');
INSERT INTO `jugadas` VALUES ('793', '122', '3', '1', '1', 'g+1iYmyWU5ZA/Q==');
INSERT INTO `jugadas` VALUES ('794', '122', '3', '1', '1', 'g+1iYmyWU5ZA/Q==');
INSERT INTO `jugadas` VALUES ('795', '123', '1', '1', '1', 'WWr6mFeKAgxlKA==');
INSERT INTO `jugadas` VALUES ('796', '123', '1', '1', '1', 'WWr6mFeKAgxlKA==');
INSERT INTO `jugadas` VALUES ('797', '123', '1', '1', '1', 'WWr6mFeKAgxlKA==');
INSERT INTO `jugadas` VALUES ('798', '123', '1', '1', '0', 'WWr6mFeKAgxlKA==');
INSERT INTO `jugadas` VALUES ('799', '123', '1', '1', '1', 'WWr6mFeKAgxlKA==');
INSERT INTO `jugadas` VALUES ('800', '124', '1', '1', '1', 'EmBlSh5YJ5FmSQ==');
INSERT INTO `jugadas` VALUES ('801', '124', '1', '1', '1', 'EmBlSh5YJ5FmSQ==');
INSERT INTO `jugadas` VALUES ('802', '124', '1', '1', '1', 'EmBlSh5YJ5FmSQ==');
INSERT INTO `jugadas` VALUES ('803', '125', '1', '1', '1', 'EmBlSh5YJ5FmSQ==');
INSERT INTO `jugadas` VALUES ('804', '125', '1', '1', '1', 'EmBlSh5YJ5FmSQ==');
INSERT INTO `jugadas` VALUES ('805', '125', '1', '1', '1', 'EmBlSh5YJ5FmSQ==');
INSERT INTO `jugadas` VALUES ('806', '125', '1', '1', '1', 'EmBlSh5YJ5FmSQ==');
INSERT INTO `jugadas` VALUES ('807', '125', '1', '1', '0', 'EmBlSh5YJ5FmSQ==');
INSERT INTO `jugadas` VALUES ('808', '125', '1', '2', '1', 'EmBlSh5YJ5FmSQ==');
INSERT INTO `jugadas` VALUES ('809', '125', '1', '2', '1', 'EmBlSh5YJ5FmSQ==');
INSERT INTO `jugadas` VALUES ('810', '125', '1', '2', '0', 'EmBlSh5YJ5FmSQ==');
INSERT INTO `jugadas` VALUES ('811', '125', '1', '2', '1', 'EmBlSh5YJ5FmSQ==');
INSERT INTO `jugadas` VALUES ('812', '125', '1', '2', '1', 'EmBlSh5YJ5FmSQ==');
INSERT INTO `jugadas` VALUES ('813', '125', '1', '3', '0', 'EmBlSh5YJ5FmSQ==');
INSERT INTO `jugadas` VALUES ('814', '125', '1', '3', '1', 'EmBlSh5YJ5FmSQ==');

-- ----------------------------
-- Table structure for resultado-juego
-- ----------------------------
DROP TABLE IF EXISTS `resultado-juego`;
CREATE TABLE `resultado-juego` (
  `id` int(11) NOT NULL AUTO_INCREMENT,
  `id_juego` int(11) NOT NULL,
  `resultado` tinyint(1) NOT NULL,
  `nivel` tinyint(1) NOT NULL,
  PRIMARY KEY (`id`)
) ENGINE=InnoDB AUTO_INCREMENT=165 DEFAULT CHARSET=latin1;

-- ----------------------------
-- Records of resultado-juego
-- ----------------------------
INSERT INTO `resultado-juego` VALUES ('1', '1', '1', '1');
INSERT INTO `resultado-juego` VALUES ('2', '31', '1', '1');
INSERT INTO `resultado-juego` VALUES ('3', '32', '1', '1');
INSERT INTO `resultado-juego` VALUES ('4', '0', '1', '1');
INSERT INTO `resultado-juego` VALUES ('5', '0', '0', '1');
INSERT INTO `resultado-juego` VALUES ('6', '0', '1', '1');
INSERT INTO `resultado-juego` VALUES ('7', '34', '1', '1');
INSERT INTO `resultado-juego` VALUES ('8', '0', '1', '1');
INSERT INTO `resultado-juego` VALUES ('9', '0', '1', '1');
INSERT INTO `resultado-juego` VALUES ('10', '0', '0', '1');
INSERT INTO `resultado-juego` VALUES ('11', '0', '1', '1');
INSERT INTO `resultado-juego` VALUES ('12', '0', '1', '1');
INSERT INTO `resultado-juego` VALUES ('13', '0', '1', '1');
INSERT INTO `resultado-juego` VALUES ('14', '0', '1', '1');
INSERT INTO `resultado-juego` VALUES ('15', '35', '1', '1');
INSERT INTO `resultado-juego` VALUES ('16', '0', '1', '1');
INSERT INTO `resultado-juego` VALUES ('17', '0', '0', '1');
INSERT INTO `resultado-juego` VALUES ('18', '0', '0', '1');
INSERT INTO `resultado-juego` VALUES ('19', '0', '0', '1');
INSERT INTO `resultado-juego` VALUES ('20', '43', '1', '1');
INSERT INTO `resultado-juego` VALUES ('21', '44', '0', '1');
INSERT INTO `resultado-juego` VALUES ('22', '44', '1', '1');
INSERT INTO `resultado-juego` VALUES ('23', '44', '1', '1');
INSERT INTO `resultado-juego` VALUES ('24', '63', '1', '1');
INSERT INTO `resultado-juego` VALUES ('25', '63', '1', '1');
INSERT INTO `resultado-juego` VALUES ('26', '64', '0', '1');
INSERT INTO `resultado-juego` VALUES ('27', '64', '0', '1');
INSERT INTO `resultado-juego` VALUES ('28', '66', '0', '1');
INSERT INTO `resultado-juego` VALUES ('29', '67', '0', '1');
INSERT INTO `resultado-juego` VALUES ('30', '68', '0', '1');
INSERT INTO `resultado-juego` VALUES ('31', '68', '0', '1');
INSERT INTO `resultado-juego` VALUES ('32', '68', '0', '1');
INSERT INTO `resultado-juego` VALUES ('33', '68', '0', '1');
INSERT INTO `resultado-juego` VALUES ('34', '71', '1', '1');
INSERT INTO `resultado-juego` VALUES ('35', '71', '0', '1');
INSERT INTO `resultado-juego` VALUES ('36', '71', '1', '1');
INSERT INTO `resultado-juego` VALUES ('37', '71', '1', '1');
INSERT INTO `resultado-juego` VALUES ('38', '71', '0', '1');
INSERT INTO `resultado-juego` VALUES ('39', '71', '1', '1');
INSERT INTO `resultado-juego` VALUES ('40', '71', '0', '1');
INSERT INTO `resultado-juego` VALUES ('41', '71', '0', '1');
INSERT INTO `resultado-juego` VALUES ('42', '71', '1', '1');
INSERT INTO `resultado-juego` VALUES ('43', '71', '0', '1');
INSERT INTO `resultado-juego` VALUES ('44', '71', '0', '1');
INSERT INTO `resultado-juego` VALUES ('45', '71', '0', '1');
INSERT INTO `resultado-juego` VALUES ('46', '71', '0', '1');
INSERT INTO `resultado-juego` VALUES ('47', '71', '1', '1');
INSERT INTO `resultado-juego` VALUES ('48', '71', '0', '1');
INSERT INTO `resultado-juego` VALUES ('49', '71', '1', '1');
INSERT INTO `resultado-juego` VALUES ('50', '71', '1', '1');
INSERT INTO `resultado-juego` VALUES ('51', '71', '1', '1');
INSERT INTO `resultado-juego` VALUES ('52', '71', '1', '1');
INSERT INTO `resultado-juego` VALUES ('53', '72', '1', '1');
INSERT INTO `resultado-juego` VALUES ('54', '72', '1', '1');
INSERT INTO `resultado-juego` VALUES ('55', '72', '1', '1');
INSERT INTO `resultado-juego` VALUES ('56', '72', '1', '1');
INSERT INTO `resultado-juego` VALUES ('57', '73', '0', '1');
INSERT INTO `resultado-juego` VALUES ('58', '73', '1', '1');
INSERT INTO `resultado-juego` VALUES ('59', '74', '0', '1');
INSERT INTO `resultado-juego` VALUES ('60', '74', '0', '1');
INSERT INTO `resultado-juego` VALUES ('61', '74', '0', '1');
INSERT INTO `resultado-juego` VALUES ('62', '74', '0', '1');
INSERT INTO `resultado-juego` VALUES ('63', '75', '1', '1');
INSERT INTO `resultado-juego` VALUES ('64', '75', '1', '1');
INSERT INTO `resultado-juego` VALUES ('65', '75', '1', '1');
INSERT INTO `resultado-juego` VALUES ('66', '76', '1', '1');
INSERT INTO `resultado-juego` VALUES ('67', '77', '0', '1');
INSERT INTO `resultado-juego` VALUES ('68', '78', '1', '1');
INSERT INTO `resultado-juego` VALUES ('69', '80', '1', '1');
INSERT INTO `resultado-juego` VALUES ('70', '82', '0', '1');
INSERT INTO `resultado-juego` VALUES ('71', '81', '1', '1');
INSERT INTO `resultado-juego` VALUES ('72', '82', '0', '1');
INSERT INTO `resultado-juego` VALUES ('73', '83', '0', '1');
INSERT INTO `resultado-juego` VALUES ('74', '82', '0', '1');
INSERT INTO `resultado-juego` VALUES ('75', '82', '0', '1');
INSERT INTO `resultado-juego` VALUES ('76', '85', '1', '1');
INSERT INTO `resultado-juego` VALUES ('77', '85', '1', '1');
INSERT INTO `resultado-juego` VALUES ('78', '86', '0', '1');
INSERT INTO `resultado-juego` VALUES ('79', '85', '0', '1');
INSERT INTO `resultado-juego` VALUES ('80', '76', '1', '1');
INSERT INTO `resultado-juego` VALUES ('81', '76', '0', '1');
INSERT INTO `resultado-juego` VALUES ('82', '87', '1', '1');
INSERT INTO `resultado-juego` VALUES ('83', '87', '1', '1');
INSERT INTO `resultado-juego` VALUES ('84', '87', '1', '1');
INSERT INTO `resultado-juego` VALUES ('85', '88', '1', '1');
INSERT INTO `resultado-juego` VALUES ('86', '88', '1', '1');
INSERT INTO `resultado-juego` VALUES ('87', '88', '1', '1');
INSERT INTO `resultado-juego` VALUES ('88', '89', '1', '1');
INSERT INTO `resultado-juego` VALUES ('89', '89', '1', '1');
INSERT INTO `resultado-juego` VALUES ('90', '89', '1', '1');
INSERT INTO `resultado-juego` VALUES ('91', '90', '1', '1');
INSERT INTO `resultado-juego` VALUES ('92', '90', '1', '1');
INSERT INTO `resultado-juego` VALUES ('93', '90', '0', '1');
INSERT INTO `resultado-juego` VALUES ('94', '91', '1', '1');
INSERT INTO `resultado-juego` VALUES ('95', '91', '1', '1');
INSERT INTO `resultado-juego` VALUES ('96', '91', '1', '1');
INSERT INTO `resultado-juego` VALUES ('97', '92', '1', '1');
INSERT INTO `resultado-juego` VALUES ('98', '92', '1', '1');
INSERT INTO `resultado-juego` VALUES ('99', '92', '1', '1');
INSERT INTO `resultado-juego` VALUES ('100', '93', '1', '1');
INSERT INTO `resultado-juego` VALUES ('101', '93', '1', '1');
INSERT INTO `resultado-juego` VALUES ('102', '93', '1', '1');
INSERT INTO `resultado-juego` VALUES ('103', '94', '1', '1');
INSERT INTO `resultado-juego` VALUES ('104', '94', '1', '1');
INSERT INTO `resultado-juego` VALUES ('105', '95', '1', '1');
INSERT INTO `resultado-juego` VALUES ('106', '95', '1', '1');
INSERT INTO `resultado-juego` VALUES ('107', '95', '1', '1');
INSERT INTO `resultado-juego` VALUES ('108', '96', '1', '1');
INSERT INTO `resultado-juego` VALUES ('109', '96', '1', '1');
INSERT INTO `resultado-juego` VALUES ('110', '96', '1', '1');
INSERT INTO `resultado-juego` VALUES ('111', '99', '1', '1');
INSERT INTO `resultado-juego` VALUES ('112', '99', '1', '1');
INSERT INTO `resultado-juego` VALUES ('113', '99', '1', '1');
INSERT INTO `resultado-juego` VALUES ('114', '100', '1', '1');
INSERT INTO `resultado-juego` VALUES ('115', '100', '1', '1');
INSERT INTO `resultado-juego` VALUES ('116', '100', '1', '1');
INSERT INTO `resultado-juego` VALUES ('117', '101', '1', '1');
INSERT INTO `resultado-juego` VALUES ('118', '101', '1', '1');
INSERT INTO `resultado-juego` VALUES ('119', '102', '1', '1');
INSERT INTO `resultado-juego` VALUES ('120', '102', '0', '1');
INSERT INTO `resultado-juego` VALUES ('121', '102', '0', '1');
INSERT INTO `resultado-juego` VALUES ('122', '102', '1', '1');
INSERT INTO `resultado-juego` VALUES ('123', '102', '0', '1');
INSERT INTO `resultado-juego` VALUES ('124', '102', '0', '1');
INSERT INTO `resultado-juego` VALUES ('125', '102', '0', '1');
INSERT INTO `resultado-juego` VALUES ('126', '103', '0', '1');
INSERT INTO `resultado-juego` VALUES ('127', '103', '1', '1');
INSERT INTO `resultado-juego` VALUES ('128', '103', '1', '1');
INSERT INTO `resultado-juego` VALUES ('129', '103', '0', '1');
INSERT INTO `resultado-juego` VALUES ('130', '106', '1', '1');
INSERT INTO `resultado-juego` VALUES ('131', '106', '1', '1');
INSERT INTO `resultado-juego` VALUES ('132', '108', '0', '1');
INSERT INTO `resultado-juego` VALUES ('133', '108', '1', '1');
INSERT INTO `resultado-juego` VALUES ('134', '108', '0', '1');
INSERT INTO `resultado-juego` VALUES ('135', '109', '1', '1');
INSERT INTO `resultado-juego` VALUES ('136', '109', '1', '1');
INSERT INTO `resultado-juego` VALUES ('137', '109', '1', '1');
INSERT INTO `resultado-juego` VALUES ('138', '110', '1', '1');
INSERT INTO `resultado-juego` VALUES ('139', '110', '1', '1');
INSERT INTO `resultado-juego` VALUES ('140', '110', '1', '1');
INSERT INTO `resultado-juego` VALUES ('141', '111', '1', '1');
INSERT INTO `resultado-juego` VALUES ('142', '111', '1', '1');
INSERT INTO `resultado-juego` VALUES ('143', '111', '1', '1');
INSERT INTO `resultado-juego` VALUES ('144', '112', '1', '1');
INSERT INTO `resultado-juego` VALUES ('145', '112', '1', '1');
INSERT INTO `resultado-juego` VALUES ('146', '112', '1', '1');
INSERT INTO `resultado-juego` VALUES ('147', '113', '1', '1');
INSERT INTO `resultado-juego` VALUES ('148', '113', '1', '2');
INSERT INTO `resultado-juego` VALUES ('149', '113', '1', '3');
INSERT INTO `resultado-juego` VALUES ('150', '114', '1', '1');
INSERT INTO `resultado-juego` VALUES ('151', '114', '1', '2');
INSERT INTO `resultado-juego` VALUES ('152', '114', '1', '3');
INSERT INTO `resultado-juego` VALUES ('153', '117', '0', '1');
INSERT INTO `resultado-juego` VALUES ('154', '118', '1', '1');
INSERT INTO `resultado-juego` VALUES ('155', '118', '1', '2');
INSERT INTO `resultado-juego` VALUES ('156', '119', '1', '1');
INSERT INTO `resultado-juego` VALUES ('157', '120', '0', '1');
INSERT INTO `resultado-juego` VALUES ('158', '121', '1', '1');
INSERT INTO `resultado-juego` VALUES ('159', '121', '1', '2');
INSERT INTO `resultado-juego` VALUES ('160', '121', '0', '3');
INSERT INTO `resultado-juego` VALUES ('161', '122', '1', '1');
INSERT INTO `resultado-juego` VALUES ('162', '123', '1', '1');
INSERT INTO `resultado-juego` VALUES ('163', '125', '1', '1');
INSERT INTO `resultado-juego` VALUES ('164', '125', '1', '2');

-- ----------------------------
-- Table structure for users
-- ----------------------------
DROP TABLE IF EXISTS `users`;
CREATE TABLE `users` (
  `id` int(11) unsigned NOT NULL AUTO_INCREMENT,
  `Nombres` varchar(50) NOT NULL,
  `Apellidos` varchar(50) NOT NULL,
  `permisos_json` varchar(5000) NOT NULL,
  `admin` tinyint(1) unsigned DEFAULT '0',
  `activo` tinyint(1) NOT NULL DEFAULT '1',
  `password` varchar(5000) NOT NULL DEFAULT '123456',
  `usuario` varchar(25) NOT NULL,
  `mail` varchar(50) NOT NULL,
  `sexo` varchar(10) NOT NULL,
  PRIMARY KEY (`id`)
) ENGINE=InnoDB AUTO_INCREMENT=20 DEFAULT CHARSET=latin1;

-- ----------------------------
-- Records of users
-- ----------------------------
INSERT INTO `users` VALUES ('1', 'Pepito', 'Perez', '', '1', '1', 'MTIz', 'pepito', 'marku993@gmail.com', 'male');
INSERT INTO `users` VALUES ('2', 'Maria', 'Lopez', '', '0', '1', 'MTIz', 'maria', 'marku993@gmail.com', 'female');
INSERT INTO `users` VALUES ('18', 'Sandra', 'Cano', '', '0', '1', 'MTIz', 'sandra', '', 'female');
INSERT INTO `users` VALUES ('19', 'Test', 'test', '', '0', '1', 'MTIz', 'test', 'test@m.com', 'female');
